"date","vol_det","vol_pred_15","vol_pred_30","vol_pred_45","vol_pred_60","vol_pred_75","vol_pred_90","vol_pred_105","vol_pred_120"
"2017-11-13 00:00",3.42857142857,22,20,8,18,13,12,12,10
"2017-11-13 00:01",3.73333333333,17,19,16,14,9,14,19,20
"2017-11-13 00:02",3.6,13,14,14,15,11,11,12,15
"2017-11-13 00:03",4,17,12,12,11,15,11,13,21
"2017-11-13 00:04",4.13333333333,10,12,16,10,13,15,14,13
"2017-11-13 00:05",3.86666666667,17,10,9,11,19,13,7,11
"2017-11-13 00:06",3.73333333333,12,10,14,10,12,17,15,14
"2017-11-13 00:07",3.33333333333,10,23,13,17,11,17,14,13
"2017-11-13 00:08",3.6,13,7,17,12,17,17,14,17
"2017-11-13 00:09",3.6,16,11,7,19,11,16,11,17
"2017-11-13 00:10",3.6,9,9,17,13,15,11,4,15
"2017-11-13 00:11",3.46666666667,19,19,8,16,19,11,21,16
"2017-11-13 00:12",3.33333333333,12,10,8,9,9,11,13,7
"2017-11-13 00:13",3.06666666667,12,14,11,7,11,11,6,6
"2017-11-13 00:14",3.2,6,10,6,14,8,12,8,10
"2017-11-13 00:15",2.66666666667,9,12,7,5,8,9,10,14
"2017-11-13 00:16",2.8,9,8,3,9,9,5,6,6
"2017-11-13 00:17",3.06666666667,14,8,9,13,9,9,12,11
"2017-11-13 00:18",2.66666666667,8,7,6,7,9,7,10,5
"2017-11-13 00:19",2.66666666667,11,8,10,9,10,8,8,10
"2017-11-13 00:20",2.53333333333,8,6,7,12,7,3,9,9
"2017-11-13 00:21",2.8,11,9,8,4,8,9,6,9
"2017-11-13 00:22",2.93333333333,9,4,8,17,9,13,9,12
"2017-11-13 00:23",2.93333333333,11,7,8,14,11,10,11,8
"2017-11-13 00:24",2.93333333333,7,7,11,7,8,5,6,7
"2017-11-13 00:25",3.2,8,7,8,6,8,10,10,13
"2017-11-13 00:26",3.46666666667,5,10,6,14,4,5,6,6
"2017-11-13 00:27",3.46666666667,13,5,8,11,9,12,7,7
"2017-11-13 00:28",3.6,5,10,7,12,4,8,10,12
"2017-11-13 00:29",3.2,6,18,4,8,13,4,10,9
"2017-11-13 00:30",3.6,8,7,10,11,16,15,6,9
"2017-11-13 00:31",3.2,6,9,10,8,9,2,14,8
"2017-11-13 00:32",3.2,10,12,7,8,9,6,16,13
"2017-11-13 00:33",3.33333333333,10,11,13,12,10,12,7,11
"2017-11-13 00:34",3.06666666667,5,11,10,11,10,7,9,9
"2017-11-13 00:35",2.93333333333,2,9,15,6,8,11,8,15
"2017-11-13 00:36",2.93333333333,8,11,11,12,14,7,9,9
"2017-11-13 00:37",2.8,8,13,5,7,11,7,6,8
"2017-11-13 00:38",2.8,14,4,13,7,13,14,7,10
"2017-11-13 00:39",2.66666666667,8,8,7,11,7,6,14,7
"2017-11-13 00:40",2.8,12,4,11,7,8,4,7,5
"2017-11-13 00:41",3.06666666667,9,12,11,10,14,12,14,13
"2017-11-13 00:42",2.8,11,5,8,12,10,6,11,8
"2017-11-13 00:43",3.06666666667,12,9,9,5,11,7,8,13
"2017-11-13 00:44",3.2,12,13,11,13,9,10,10,12
"2017-11-13 00:45",2.93333333333,10,8,10,10,4,7,5,8
"2017-11-13 00:46",3.06666666667,5,7,8,9,14,18,10,17
"2017-11-13 00:47",2.8,6,10,9,15,12,9,9,14
"2017-11-13 00:48",3.2,8,6,12,6,6,7,8,5
"2017-11-13 00:49",3.46666666667,12,10,8,11,11,10,11,15
"2017-11-13 00:50",3.73333333333,13,5,10,13,8,8,8,7
"2017-11-13 00:51",3.46666666667,12,7,9,6,16,4,8,8
"2017-11-13 00:52",3.6,9,7,8,15,10,11,13,13
"2017-11-13 00:53",3.46666666667,6,11,12,9,10,7,8,7
"2017-11-13 00:54",4,6,3,7,6,8,9,9,15
"2017-11-13 00:55",3.6,10,17,6,6,11,8,16,14
"2017-11-13 00:56",3.2,9,6,9,11,5,8,7,11
"2017-11-13 00:57",3.33333333333,9,11,7,11,13,4,13,11
"2017-11-13 00:58",3,10,14,10,9,14,9,8,13
"2017-11-13 00:59",2.8,9,8,9,9,8,9,10,5
"2017-11-13 01:00",2.85714285714,8,7,15,9,10,6,11,10
"2017-11-13 01:01",3,9,11,6,5,7,5,9,7
"2017-11-13 01:02",3.06666666667,13,6,8,21,8,14,9,11
"2017-11-13 01:03",2.66666666667,7,8,8,9,13,10,10,3
"2017-11-13 01:04",2.53333333333,2,6,10,7,7,12,6,5
"2017-11-13 01:05",2.4,9,11,9,8,15,10,19,18
"2017-11-13 01:06",2.53333333333,5,11,6,8,10,10,11,13
"2017-11-13 01:07",2.4,12,8,10,8,8,10,11,9
"2017-11-13 01:08",2.8,12,7,10,8,8,16,7,6
"2017-11-13 01:09",2.26666666667,8,9,9,6,6,11,7,9
"2017-11-13 01:10",2.26666666667,13,10,16,4,10,10,5,12
"2017-11-13 01:11",2.13333333333,10,10,10,9,6,6,10,9
"2017-11-13 01:12",2,4,9,6,9,7,6,10,4
"2017-11-13 01:13",2.13333333333,4,11,11,13,8,8,9,14
"2017-11-13 01:14",2.13333333333,9,12,8,7,7,5,9,5
"2017-11-13 01:15",1.73333333333,8,7,5,8,9,5,8,7
"2017-11-13 01:16",1.73333333333,9,11,5,9,0,9,6,13
"2017-11-13 01:17",1.6,5,5,5,2,6,7,5,6
"2017-11-13 01:18",1.6,5,5,9,13,4,8,4,4
"2017-11-13 01:19",1.6,8,9,6,7,12,5,9,4
"2017-11-13 01:20",1.46666666667,7,7,8,4,8,13,3,2
"2017-11-13 01:21",1.33333333333,12,11,8,4,8,4,13,14
"2017-11-13 01:22",1.46666666667,8,5,6,7,9,9,7,4
"2017-11-13 01:23",1.06666666667,6,3,5,5,7,4,6,7
"2017-11-13 01:24",0.933333333333,7,7,5,11,12,9,10,12
"2017-11-13 01:25",0.933333333333,2,4,2,8,6,4,4,6
"2017-11-13 01:26",0.933333333333,7,8,11,6,10,10,7,8
"2017-11-13 01:27",1.2,6,7,7,6,5,11,7,8
"2017-11-13 01:28",1.33333333333,8,10,7,11,2,3,9,4
"2017-11-13 01:29",1.46666666667,8,11,6,7,7,13,7,4
"2017-11-13 01:30",1.73333333333,8,6,8,3,4,6,7,8
"2017-11-13 01:31",1.73333333333,11,7,6,5,2,6,8,6
"2017-11-13 01:32",1.6,8,5,7,7,7,2,7,5
"2017-11-13 01:33",1.6,10,4,9,8,3,3,2,3
"2017-11-13 01:34",1.46666666667,6,9,3,6,6,8,7,10
"2017-11-13 01:35",1.46666666667,5,8,5,5,9,8,9,10
"2017-11-13 01:36",1.86666666667,3,4,2,2,11,6,3,4
"2017-11-13 01:37",1.73333333333,9,9,12,8,6,4,10,7
"2017-11-13 01:38",1.6,7,7,7,4,7,6,3,8
"2017-11-13 01:39",1.86666666667,9,7,2,9,8,4,7,4
"2017-11-13 01:40",2,6,6,9,8,12,5,6,8
"2017-11-13 01:41",2,8,5,10,2,1,2,5,6
"2017-11-13 01:42",1.86666666667,4,9,7,7,8,15,2,3
"2017-11-13 01:43",1.6,10,7,5,7,5,11,4,9
"2017-11-13 01:44",1.6,1,10,6,8,4,6,8,6
"2017-11-13 01:45",1.46666666667,14,9,9,7,12,10,8,11
"2017-11-13 01:46",1.46666666667,10,9,5,3,4,1,10,9
"2017-11-13 01:47",1.46666666667,8,10,9,4,6,7,7,13
"2017-11-13 01:48",1.33333333333,5,8,8,10,9,6,7,8
"2017-11-13 01:49",1.73333333333,3,7,7,6,6,1,4,4
"2017-11-13 01:50",1.86666666667,13,8,7,7,3,3,2,5
"2017-11-13 01:51",1.6,9,4,4,12,7,5,9,6
"2017-11-13 01:52",1.86666666667,7,7,4,1,7,6,3,9
"2017-11-13 01:53",2,9,9,8,13,6,7,5,9
"2017-11-13 01:54",2,9,4,7,5,11,5,6,8
"2017-11-13 01:55",2,3,5,5,9,6,7,3,9
"2017-11-13 01:56",2,7,9,7,6,12,10,12,5
"2017-11-13 01:57",2.13333333333,4,2,7,5,5,8,4,7
"2017-11-13 01:58",2.26666666667,5,3,6,13,11,5,12,3
"2017-11-13 01:59",2.26666666667,9,5,3,5,9,6,6,7
"2017-11-13 02:00",2.13333333333,8,9,8,3,2,4,6,9
"2017-11-13 02:01",2.28571428571,4,7,11,13,12,8,7,8
"2017-11-13 02:02",2.66666666667,7,8,6,3,3,9,7,3
"2017-11-13 02:03",2.66666666667,10,6,4,8,10,5,6,5
"2017-11-13 02:04",2.4,7,8,3,8,2,7,7,3
"2017-11-13 02:05",2.4,7,5,10,2,7,5,1,7
"2017-11-13 02:06",2.26666666667,3,5,5,9,5,7,11,4
"2017-11-13 02:07",2.26666666667,7,6,5,7,9,11,3,7
"2017-11-13 02:08",2.13333333333,3,4,6,8,3,7,1,2
"2017-11-13 02:09",1.86666666667,11,2,8,3,10,6,9,8
"2017-11-13 02:10",2,4,6,4,2,6,6,5,8
"2017-11-13 02:11",2.26666666667,6,6,10,5,8,6,6,5
"2017-11-13 02:12",2.13333333333,9,6,6,11,7,11,4,6
"2017-11-13 02:13",2.13333333333,3,7,3,2,3,2,4,5
"2017-11-13 02:14",2,6,6,9,7,9,9,9,6
"2017-11-13 02:15",2.14285714286,4,6,7,6,8,7,2,5
"2017-11-13 02:16",2.28571428571,4,6,4,7,3,5,3,8
"2017-11-13 02:17",2,13,7,5,6,9,6,8,9
"2017-11-13 02:18",2,10,7,5,7,5,5,3,2
"2017-11-13 02:19",2,6,8,4,5,9,8,2,2
"2017-11-13 02:20",2,2,6,13,3,10,8,8,10
"2017-11-13 02:21",2.14285714286,14,2,5,2,8,3,4,6
"2017-11-13 02:22",1.85714285714,7,12,11,12,13,5,4,9
"2017-11-13 02:23",1.85714285714,8,9,7,7,4,9,6,3
"2017-11-13 02:24",2,8,4,7,4,4,3,3,4
"2017-11-13 02:25",1.85714285714,5,10,8,11,3,8,13,7
"2017-11-13 02:26",1.57142857143,5,4,7,5,12,3,7,4
"2017-11-13 02:27",1.57142857143,5,4,2,3,4,4,11,7
"2017-11-13 02:28",1.57142857143,10,6,8,9,4,9,5,6
"2017-11-13 02:29",1.57142857143,7,4,4,2,2,2,2,4
"2017-11-13 02:30",1.46666666667,6,11,6,8,8,8,9,7
"2017-11-13 02:31",1.2,6,10,8,7,6,7,9,9
"2017-11-13 02:32",1.06666666667,8,4,5,4,7,5,1,7
"2017-11-13 02:33",1.2,5,9,9,11,12,7,8,6
"2017-11-13 02:34",1.33333333333,6,3,5,5,7,6,10,8
"2017-11-13 02:35",1.46666666667,3,3,14,6,4,10,8,4
"2017-11-13 02:36",1.6,5,7,8,6,8,7,5,4
"2017-11-13 02:37",1.73333333333,4,7,6,2,4,7,4,1
"2017-11-13 02:38",1.86666666667,5,9,6,7,8,4,6,5
"2017-11-13 02:39",1.86666666667,6,8,7,6,3,2,5,7
"2017-11-13 02:40",1.86666666667,2,8,4,6,3,2,6,2
"2017-11-13 02:41",2.13333333333,11,8,9,5,8,7,11,8
"2017-11-13 02:42",2.13333333333,6,9,3,7,5,6,4,6
"2017-11-13 02:43",2.13333333333,9,4,3,7,4,2,2,5
"2017-11-13 02:44",2,6,2,10,5,9,8,9,12
"2017-11-13 02:45",2,0,4,3,3,5,3,3,7
"2017-11-13 02:46",2.13333333333,10,8,9,8,10,12,10,9
"2017-11-13 02:47",2.26666666667,8,5,3,5,2,10,6,9
"2017-11-13 02:48",2.4,6,3,5,8,4,9,1,2
"2017-11-13 02:49",2.4,4,8,12,5,4,3,11,8
"2017-11-13 02:50",2.4,7,3,3,5,7,4,4,4
"2017-11-13 02:51",2.13333333333,5,5,5,9,6,2,6,3
"2017-11-13 02:52",2.26666666667,7,10,6,7,13,7,6,12
"2017-11-13 02:53",2.13333333333,7,4,6,6,7,2,0,5
"2017-11-13 02:54",2,5,5,6,3,7,7,7,8
"2017-11-13 02:55",1.86666666667,8,6,3,4,6,7,9,9
"2017-11-13 02:56",2,5,3,4,4,4,1,4,1
"2017-11-13 02:57",1.86666666667,10,9,11,12,5,5,7,7
"2017-11-13 02:58",1.86666666667,7,3,6,3,11,5,5,10
"2017-11-13 02:59",1.86666666667,3,4,6,6,4,9,5,5
"2017-11-13 03:00",2.4,3,4,11,8,6,3,6,3
"2017-11-13 03:01",2.4,4,5,4,10,3,8,6,3
"2017-11-13 03:02",2.4,9,3,6,2,7,4,6,4
"2017-11-13 03:03",2.13333333333,9,9,6,7,4,8,7,5
"2017-11-13 03:04",2.26666666667,4,2,6,4,2,2,7,5
"2017-11-13 03:05",2.13333333333,13,7,9,9,8,9,3,7
"2017-11-13 03:06",2.26666666667,6,5,3,5,7,8,5,2
"2017-11-13 03:07",2.13333333333,4,5,4,9,8,2,5,7
"2017-11-13 03:08",2.13333333333,5,6,6,5,3,7,10,4
"2017-11-13 03:09",2.13333333333,7,1,4,5,2,5,6,2
"2017-11-13 03:10",2.4,8,9,5,10,1,4,7,7
"2017-11-13 03:11",2.13333333333,4,6,8,5,7,8,6,9
"2017-11-13 03:12",2.4,2,5,6,5,6,4,3,6
"2017-11-13 03:13",2.4,4,9,10,11,9,13,8,5
"2017-11-13 03:14",2.53333333333,3,8,9,7,9,7,6,8
"2017-11-13 03:15",2.13333333333,6,8,5,2,8,8,4,8
"2017-11-13 03:16",2,7,12,10,11,11,5,11,3
"2017-11-13 03:17",2,4,8,5,4,7,2,7,5
"2017-11-13 03:18",2,5,6,5,6,7,11,15,4
"2017-11-13 03:19",1.73333333333,7,7,6,5,6,11,13,8
"2017-11-13 03:20",1.73333333333,4,8,8,6,8,5,6,4
"2017-11-13 03:21",1.73333333333,9,11,9,10,13,10,5,8
"2017-11-13 03:22",1.6,5,6,8,8,7,8,7,6
"2017-11-13 03:23",1.6,7,7,5,5,8,12,8,3
"2017-11-13 03:24",1.6,9,2,9,10,13,9,11,10
"2017-11-13 03:25",1.33333333333,6,11,1,3,7,4,6,7
"2017-11-13 03:26",1.2,10,5,13,8,3,8,8,11
"2017-11-13 03:27",1.2,7,10,11,10,8,4,9,7
"2017-11-13 03:28",1.06666666667,4,3,7,6,3,8,5,8
"2017-11-13 03:29",1.06666666667,9,7,10,9,14,11,7,8
"2017-11-13 03:30",1.06666666667,12,4,6,6,8,8,10,8
"2017-11-13 03:31",1.2,10,12,11,5,9,8,8,7
"2017-11-13 03:32",1.2,9,6,9,10,9,7,7,10
"2017-11-13 03:33",1.33333333333,9,8,4,8,6,2,3,1
"2017-11-13 03:34",1.2,6,8,9,5,4,8,11,14
"2017-11-13 03:35",1.46666666667,12,7,9,6,8,7,7,7
"2017-11-13 03:36",1.73333333333,4,7,4,5,5,5,6,10
"2017-11-13 03:37",1.86666666667,8,7,10,6,13,8,10,9
"2017-11-13 03:38",1.86666666667,5,10,12,10,7,13,8,8
"2017-11-13 03:39",1.86666666667,5,6,4,5,4,8,5,9
"2017-11-13 03:40",2.13333333333,8,10,8,7,10,7,7,6
"2017-11-13 03:41",2.26666666667,2,9,8,5,6,12,6,7
"2017-11-13 03:42",2.13333333333,8,7,16,12,16,12,7,9
"2017-11-13 03:43",2.4,12,5,8,6,5,7,14,9
"2017-11-13 03:44",2.26666666667,6,3,5,5,4,7,3,5
"2017-11-13 03:45",2.26666666667,6,7,12,5,9,13,7,6
"2017-11-13 03:46",2.26666666667,5,6,10,8,5,5,8,8
"2017-11-13 03:47",2.4,5,5,6,11,6,5,5,4
"2017-11-13 03:48",2.26666666667,10,7,11,7,9,3,6,10
"2017-11-13 03:49",2.8,5,3,8,9,5,7,4,6
"2017-11-13 03:50",2.4,7,7,8,6,7,12,3,7
"2017-11-13 03:51",2.4,11,6,15,9,10,4,4,8
"2017-11-13 03:52",2.4,7,4,4,7,9,3,3,3
"2017-11-13 03:53",2.66666666667,10,10,7,8,11,3,18,10
"2017-11-13 03:54",3.2,4,6,7,6,9,9,10,5
"2017-11-13 03:55",2.93333333333,6,10,8,7,9,7,6,7
"2017-11-13 03:56",3.06666666667,15,8,12,6,6,2,7,9
"2017-11-13 03:57",2.93333333333,5,8,6,4,6,5,5,9
"2017-11-13 03:58",2.8,9,10,6,11,7,12,8,15
"2017-11-13 03:59",3.33333333333,8,8,8,5,8,6,8,6
"2017-11-13 04:00",3.2,6,6,7,5,8,8,2,3
"2017-11-13 04:01",3.06666666667,12,14,9,10,7,7,7,8
"2017-11-13 04:02",3.06666666667,6,6,7,5,9,10,4,8
"2017-11-13 04:03",3.2,6,4,9,6,7,7,7,8
"2017-11-13 04:04",3.06666666667,7,10,12,7,6,9,11,9
"2017-11-13 04:05",3.2,4,8,3,7,5,10,2,5
"2017-11-13 04:06",2.93333333333,10,9,8,8,16,10,6,9
"2017-11-13 04:07",2.93333333333,3,6,11,9,10,2,7,4
"2017-11-13 04:08",2.8,3,5,8,4,6,6,8,5
"2017-11-13 04:09",2.4,7,5,4,12,11,7,12,8
"2017-11-13 04:10",2.53333333333,8,6,8,9,8,11,9,3
"2017-11-13 04:11",2.53333333333,8,5,7,5,8,6,9,5
"2017-11-13 04:12",2.66666666667,5,7,3,10,6,12,7,6
"2017-11-13 04:13",2.93333333333,6,6,5,3,1,8,7,6
"2017-11-13 04:14",2.66666666667,12,12,14,8,10,14,12,10
"2017-11-13 04:15",2.85714285714,8,15,7,8,12,8,8,9
"2017-11-13 04:16",3.2,9,7,11,8,11,5,6,5
"2017-11-13 04:17",3.14285714286,16,11,7,13,19,12,13,13
"2017-11-13 04:18",3.2,7,7,13,7,11,9,7,12
"2017-11-13 04:19",3.06666666667,15,8,11,16,7,9,7,11
"2017-11-13 04:20",3.14285714286,11,6,7,10,12,12,11,13
"2017-11-13 04:21",3.14285714286,9,4,4,6,8,7,8,6
"2017-11-13 04:22",3.28571428571,11,13,18,6,5,6,9,12
"2017-11-13 04:23",3.28571428571,9,13,4,11,6,10,9,11
"2017-11-13 04:24",3.42857142857,9,7,4,5,6,7,9,9
"2017-11-13 04:25",3.42857142857,14,13,14,9,10,11,11,10
"2017-11-13 04:26",3.28571428571,10,12,9,9,9,10,8,7
"2017-11-13 04:27",3.6,9,7,11,12,6,7,9,7
"2017-11-13 04:28",3.42857142857,9,12,9,8,10,11,8,7
"2017-11-13 04:29",3.06666666667,8,6,9,6,12,10,6,7
"2017-11-13 04:30",2.8,13,15,11,9,8,16,13,15
"2017-11-13 04:31",2.71428571429,7,7,9,14,8,13,12,5
"2017-11-13 04:32",3.06666666667,7,7,3,6,8,7,11,6
"2017-11-13 04:33",3.33333333333,16,16,12,10,12,12,14,11
"2017-11-13 04:34",3.33333333333,11,8,11,6,10,1,7,9
"2017-11-13 04:35",3.46666666667,13,8,7,10,8,22,10,11
"2017-11-13 04:36",3.86666666667,8,12,8,7,11,14,11,7
"2017-11-13 04:37",4.26666666667,2,2,7,6,8,6,9,6
"2017-11-13 04:38",4.4,12,15,11,14,10,10,13,14
"2017-11-13 04:39",5.06666666667,11,10,13,15,13,12,12,13
"2017-11-13 04:40",4.93333333333,10,5,10,11,4,4,5,5
"2017-11-13 04:41",5.33333333333,8,17,12,11,13,15,12,14
"2017-11-13 04:42",5.2,10,9,9,10,8,10,6,9
"2017-11-13 04:43",5.73333333333,8,7,9,13,6,5,14,11
"2017-11-13 04:44",6.53333333333,14,13,6,12,12,14,14,9
"2017-11-13 04:45",7.46666666667,8,11,9,10,9,11,11,7
"2017-11-13 04:46",8.13333333333,11,13,7,11,8,6,14,18
"2017-11-13 04:47",8.26666666667,10,12,15,7,11,10,8,11
"2017-11-13 04:48",8.26666666667,9,12,7,11,13,12,14,8
"2017-11-13 04:49",8.26666666667,11,13,14,16,9,12,10,20
"2017-11-13 04:50",8.13333333333,4,7,11,18,12,9,10,11
"2017-11-13 04:51",8.53333333333,7,7,13,11,8,8,10,13
"2017-11-13 04:52",8.13333333333,12,7,7,15,11,12,13,16
"2017-11-13 04:53",8.13333333333,9,11,4,9,8,13,8,9
"2017-11-13 04:54",7.73333333333,16,21,16,12,20,16,16,10
"2017-11-13 04:55",8.13333333333,12,14,16,9,8,11,13,14
"2017-11-13 04:56",8,10,12,11,7,11,7,9,6
"2017-11-13 04:57",8,17,14,15,17,17,3,14,10
"2017-11-13 04:58",8,9,13,16,6,7,5,10,11
"2017-11-13 04:59",7.86666666667,10,13,11,14,13,10,7,14
"2017-11-13 05:00",7.06666666667,12,17,10,17,10,13,13,16
"2017-11-13 05:01",6.53333333333,6,7,7,9,12,17,12,6
"2017-11-13 05:02",6.53333333333,14,11,12,17,18,14,13,11
"2017-11-13 05:03",6.26666666667,19,16,12,13,9,10,14,10
"2017-11-13 05:04",6.66666666667,15,15,8,8,9,14,9,9
"2017-11-13 05:05",6.8,13,10,13,18,18,19,15,15
"2017-11-13 05:06",6.13333333333,12,9,17,12,12,19,9,10
"2017-11-13 05:07",6.4,22,14,12,7,16,10,16,10
"2017-11-13 05:08",6.8,9,12,12,17,13,19,13,10
"2017-11-13 05:09",7.33333333333,2,0,10,9,10,9,6,12
"2017-11-13 05:10",7.46666666667,14,11,17,15,5,15,18,14
"2017-11-13 05:11",7.73333333333,11,15,11,11,17,10,13,13
"2017-11-13 05:12",7.46666666667,16,9,3,13,11,13,10,12
"2017-11-13 05:13",7.2,12,15,9,18,19,21,17,19
"2017-11-13 05:14",6.93333333333,16,18,13,18,8,13,14,13
"2017-11-13 05:15",7.2,10,15,26,19,28,20,14,17
"2017-11-13 05:16",7.73333333333,19,14,20,18,18,14,12,19
"2017-11-13 05:17",7.46666666667,17,17,15,12,20,7,14,9
"2017-11-13 05:18",7.73333333333,19,19,12,25,21,19,16,18
"2017-11-13 05:19",8,18,14,8,13,20,19,17,26
"2017-11-13 05:20",8,25,26,17,14,13,21,16,23
"2017-11-13 05:21",8,19,8,19,16,24,20,22,19
"2017-11-13 05:22",8.26666666667,19,17,21,12,15,25,8,13
"2017-11-13 05:23",8.26666666667,8,17,18,19,16,18,23,16
"2017-11-13 05:24",8.26666666667,29,18,21,13,11,9,16,20
"2017-11-13 05:25",8.4,9,15,14,18,10,20,11,10
"2017-11-13 05:26",8.53333333333,23,18,25,22,13,10,27,23
"2017-11-13 05:27",10,14,14,20,23,20,14,19,17
"2017-11-13 05:28",10.4285714286,22,15,18,12,21,20,15,22
"2017-11-13 05:29",10.8,22,24,17,19,25,16,17,27
"2017-11-13 05:30",11.0666666667,17,18,14,15,25,19,18,18
"2017-11-13 05:31",11.3333333333,22,19,21,30,17,18,16,27
"2017-11-13 05:32",12,24,16,26,19,21,19,20,22
"2017-11-13 05:33",12.2666666667,19,23,22,18,15,14,20,22
"2017-11-13 05:34",12.5333333333,31,29,23,21,28,28,23,26
"2017-11-13 05:35",13.2,16,24,14,20,15,27,19,17
"2017-11-13 05:36",14,21,21,20,28,17,20,22,11
"2017-11-13 05:37",15.0666666667,23,22,18,25,20,21,28,23
"2017-11-13 05:38",16.5333333333,19,25,21,21,21,13,18,16
"2017-11-13 05:39",18,24,26,28,20,11,25,16,22
"2017-11-13 05:40",19.2,27,28,19,17,15,19,26,17
"2017-11-13 05:41",20.1333333333,22,16,24,20,18,21,19,25
"2017-11-13 05:42",19.8666666667,19,18,21,21,24,33,26,27
"2017-11-13 05:43",21.6,28,27,22,30,27,26,27,23
"2017-11-13 05:44",21.8666666667,29,25,26,26,28,23,26,22
"2017-11-13 05:45",22.8,27,35,21,20,20,30,23,25
"2017-11-13 05:46",23.8666666667,26,26,33,25,26,21,24,25
"2017-11-13 05:47",24.1333333333,22,31,38,37,31,18,28,27
"2017-11-13 05:48",24.9333333333,21,35,23,28,23,22,31,22
"2017-11-13 05:49",25.2,23,30,22,18,19,20,18,22
"2017-11-13 05:50",25.8666666667,18,25,16,25,30,26,27,27
"2017-11-13 05:51",25.8666666667,33,24,28,27,26,23,18,26
"2017-11-13 05:52",25.6,27,16,26,22,34,30,21,28
"2017-11-13 05:53",26.1333333333,28,21,33,24,27,26,22,22
"2017-11-13 05:54",25.0666666667,18,25,29,26,26,33,20,26
"2017-11-13 05:55",25.2,29,32,24,21,28,23,29,22
"2017-11-13 05:56",24.8,25,28,21,24,28,27,23,20
"2017-11-13 05:57",24.5333333333,26,28,27,29,21,24,28,23
"2017-11-13 05:58",24.1333333333,29,23,35,30,24,27,36,34
"2017-11-13 05:59",24.9333333333,16,29,21,25,33,27,20,27
"2017-11-13 06:00",24.5333333333,32,25,24,37,26,34,30,21
"2017-11-13 06:01",23.6,23,28,36,29,23,31,35,25
"2017-11-13 06:02",24.6666666667,29,30,19,26,20,33,25,33
"2017-11-13 06:03",24.6666666667,28,27,31,24,18,35,23,18
"2017-11-13 06:04",24.2666666667,39,37,34,29,27,27,30,24
"2017-11-13 06:05",24.8,22,25,24,36,26,23,19,34
"2017-11-13 06:06",25.8666666667,19,31,30,33,30,15,20,23
"2017-11-13 06:07",27.0666666667,29,32,32,36,27,30,35,22
"2017-11-13 06:08",25.6,31,21,34,23,35,27,37,40
"2017-11-13 06:09",26,34,35,31,30,20,32,29,36
"2017-11-13 06:10",25.8666666667,31,33,27,23,27,25,21,22
"2017-11-13 06:11",26.6666666667,36,36,28,28,34,28,31,30
"2017-11-13 06:12",27.8666666667,28,31,27,30,34,30,31,33
"2017-11-13 06:13",28.2666666667,33,35,44,51,31,29,23,31
"2017-11-13 06:14",27.7333333333,31,33,35,41,32,25,34,28
"2017-11-13 06:15",28,26,36,33,33,27,34,34,43
"2017-11-13 06:16",29.8666666667,34,43,27,26,31,42,41,42
"2017-11-13 06:17",29.6,47,34,38,26,24,37,38,34
"2017-11-13 06:18",32.4,37,43,30,43,29,43,34,30
"2017-11-13 06:19",34.2666666667,37,48,39,22,47,43,35,37
"2017-11-13 06:20",34.6666666667,33,34,40,45,34,31,39,36
"2017-11-13 06:21",34.7142857143,35,33,43,41,34,37,47,38
"2017-11-13 06:22",37.0666666667,39,38,38,31,37,43,40,51
"2017-11-13 06:23",39.6,35,32,42,54,50,43,46,48
"2017-11-13 06:24",40.5714285714,42,37,39,51,39,33,37,35
"2017-11-13 06:25",42.1428571429,32,26,32,31,45,38,46,43
"2017-11-13 06:26",44.2666666667,36,41,31,39,48,42,41,33
"2017-11-13 06:27",44.5333333333,44,43,32,45,51,42,36,37
"2017-11-13 06:28",46.5333333333,46,37,50,35,37,38,43,42
"2017-11-13 06:29",48,49,49,41,39,41,44,42,39
"2017-11-13 06:30",52.5333333333,52,48,50,49,44,46,41,49
"2017-11-13 06:31",53.0666666667,53,47,46,31,46,42,46,49
"2017-11-13 06:32",54.9333333333,43,44,50,48,44,44,39,47
"2017-11-13 06:33",54.6666666667,55,38,47,60,43,43,42,49
"2017-11-13 06:34",57.4666666667,50,50,44,21,46,35,41,51
"2017-11-13 06:35",59.2,50,47,49,18,52,26,38,44
"2017-11-13 06:36",60.5333333333,31,24,54,47,53,38,63,48
"2017-11-13 06:37",60.1333333333,46,41,52,30,45,44,17,45
"2017-11-13 06:38",60.4,46,43,51,33,37,45,23,41
"2017-11-13 06:39",63.2,47,55,54,47,42,36,39,56
"2017-11-13 06:40",63.3333333333,50,45,42,59,42,27,45,57
"2017-11-13 06:41",65.2,38,50,54,31,57,47,52,42
"2017-11-13 06:42",68.5333333333,43,34,34,40,50,50,32,42
"2017-11-13 06:43",68.6666666667,51,55,49,47,52,37,55,42
"2017-11-13 06:44",67.6,34,43,54,31,48,56,49,41
"2017-11-13 06:45",69.0666666667,46,48,42,48,46,46,27,60
"2017-11-13 06:46",69.0666666667,59,34,55,51,38,54,45,12
"2017-11-13 06:47",68.5333333333,38,44,45,55,44,46,49,49
"2017-11-13 06:48",69.8666666667,48,52,40,50,48,48,45,55
"2017-11-13 06:49",71.2,50,58,40,49,59,39,51,52
"2017-11-13 06:50",74.5333333333,46,37,53,45,43,41,41,36
"2017-11-13 06:51",73.3333333333,52,52,62,37,34,51,50,42
"2017-11-13 06:52",75.8666666667,52,54,33,45,42,70,44,46
"2017-11-13 06:53",74.8,51,40,46,53,46,49,60,39
"2017-11-13 06:54",75.0666666667,47,42,51,58,41,41,52,42
"2017-11-13 06:55",75.7333333333,38,49,44,62,43,46,48,70
"2017-11-13 06:56",76,49,48,45,46,53,32,61,42
"2017-11-13 06:57",75.8666666667,39,33,33,37,56,51,29,16
"2017-11-13 06:58",77.2,39,43,48,43,40,65,44,44
"2017-11-13 06:59",76.9333333333,49,57,68,51,47,53,46,44
"2017-11-13 07:00",78.4,57,68,62,56,56,38,59,40
"2017-11-13 07:01",78,44,55,34,22,47,47,44,35
"2017-11-13 07:02",77.4666666667,49,56,38,47,34,44,49,55
"2017-11-13 07:03",75.6,45,32,37,35,47,46,43,43
"2017-11-13 07:04",73.8666666667,45,48,40,41,66,48,42,26
"2017-11-13 07:05",71.0666666667,38,54,49,56,56,49,39,51
"2017-11-13 07:06",73.6,44,44,62,51,35,46,59,62
"2017-11-13 07:07",71.4666666667,48,60,31,34,43,47,68,33
"2017-11-13 07:08",72.5333333333,59,43,53,39,36,45,34,41
"2017-11-13 07:09",70.2666666667,54,51,51,34,38,59,48,31
"2017-11-13 07:10",72.2666666667,45,42,57,40,55,43,54,50
"2017-11-13 07:11",72.1333333333,45,36,54,52,38,40,40,18
"2017-11-13 07:12",72.5333333333,35,55,60,44,29,43,43,45
"2017-11-13 07:13",72.1333333333,51,61,34,60,37,45,67,34
"2017-11-13 07:14",73.3333333333,65,49,47,37,53,55,57,33
"2017-11-13 07:15",73.7333333333,46,33,45,47,57,51,36,63
"2017-11-13 07:16",77.2,57,45,39,49,51,40,42,41
"2017-11-13 07:17",78.2666666667,46,55,37,54,51,50,39,59
"2017-11-13 07:18",82.1333333333,35,63,58,45,51,49,50,32
"2017-11-13 07:19",82.6666666667,55,56,65,30,68,46,41,51
"2017-11-13 07:20",83.0666666667,71,46,55,54,39,38,54,36
"2017-11-13 07:21",82.6666666667,50,39,40,69,45,41,62,44
"2017-11-13 07:22",84.9333333333,63,42,40,50,36,60,61,56
"2017-11-13 07:23",86.1333333333,43,39,41,38,54,68,27,67
"2017-11-13 07:24",89.2,32,58,46,35,51,49,42,61
"2017-11-13 07:25",89.8666666667,65,58,57,43,44,36,58,49
"2017-11-13 07:26",89.6,56,58,69,59,56,46,52,40
"2017-11-13 07:27",90.9333333333,43,39,74,43,43,56,56,34
"2017-11-13 07:28",93.0666666667,42,37,47,42,34,57,51,64
"2017-11-13 07:29",96,41,42,60,41,68,45,57,58
"2017-11-13 07:30",96.5333333333,66,72,42,57,66,42,40,64
"2017-11-13 07:31",96,60,63,48,63,68,28,39,49
"2017-11-13 07:32",98.5333333333,77,51,34,56,59,63,55,37
"2017-11-13 07:33",96,57,66,61,59,64,76,67,39
"2017-11-13 07:34",97.4666666667,44,40,74,48,47,72,64,58
"2017-11-13 07:35",99.4666666667,47,48,62,46,39,71,60,61
"2017-11-13 07:36",102.266666667,38,47,59,52,41,61,19,70
"2017-11-13 07:37",103.333333333,34,30,33,36,48,36,42,61
"2017-11-13 07:38",104.133333333,60,43,46,45,60,52,30,73
"2017-11-13 07:39",104.933333333,65,62,54,65,59,46,58,23
"2017-11-13 07:40",103.466666667,67,46,58,75,37,62,25,58
"2017-11-13 07:41",108.533333333,65,64,51,27,49,61,28,38
"2017-11-13 07:42",106.266666667,59,48,56,43,69,60,34,44
"2017-11-13 07:43",106.933333333,59,52,40,32,60,43,53,43
"2017-11-13 07:44",105.466666667,45,34,42,53,34,40,72,52
"2017-11-13 07:45",104.8,39,48,40,58,53,52,53,55
"2017-11-13 07:46",105.733333333,75,57,44,66,46,58,55,40
"2017-11-13 07:47",105.066666667,66,61,56,56,32,52,46,68
"2017-11-13 07:48",108.133333333,58,54,60,47,71,38,55,33
"2017-11-13 07:49",108.533333333,54,47,53,54,67,36,56,36
"2017-11-13 07:50",107.2,49,31,38,54,69,59,58,40
"2017-11-13 07:51",104.933333333,47,45,47,48,51,70,52,32
"2017-11-13 07:52",103.866666667,49,55,59,37,49,55,63,73
"2017-11-13 07:53",104.266666667,26,56,62,36,36,39,35,65
"2017-11-13 07:54",102.533333333,45,61,45,77,43,44,38,70
"2017-11-13 07:55",102,60,39,66,54,65,39,65,61
"2017-11-13 07:56",98.4,61,38,67,56,67,46,44,42
"2017-11-13 07:57",93.2,41,48,55,65,66,62,15,65
"2017-11-13 07:58",91.2,41,73,41,50,48,57,32,56
"2017-11-13 07:59",90.8,37,61,38,56,58,62,48,59
"2017-11-13 08:00",89.8666666667,49,44,58,47,39,27,42,44
"2017-11-13 08:01",89.6,66,35,49,35,46,48,43,45
"2017-11-13 08:02",88.4,54,38,48,46,36,52,36,26
"2017-11-13 08:03",85.3333333333,53,60,39,40,67,39,51,59
"2017-11-13 08:04",83.4666666667,50,66,37,38,53,39,57,44
"2017-11-13 08:05",83.8666666667,52,57,67,57,59,48,45,46
"2017-11-13 08:06",84.2666666667,32,60,63,59,34,64,47,63
"2017-11-13 08:07",84.4,55,69,58,59,52,46,42,69
"2017-11-13 08:08",82.1333333333,53,32,46,44,44,66,51,42
"2017-11-13 08:09",82.2666666667,56,40,43,33,35,30,35,29
"2017-11-13 08:10",81.2,37,46,42,41,28,42,57,55
"2017-11-13 08:11",79.7333333333,53,42,57,57,43,74,56,45
"2017-11-13 08:12",85.7333333333,40,37,65,61,32,63,69,34
"2017-11-13 08:13",86.1333333333,33,42,61,66,62,52,72,44
"2017-11-13 08:14",85.8666666667,56,65,68,46,68,54,70,54
"2017-11-13 08:15",85.2,50,62,63,46,58,42,43,51
"2017-11-13 08:16",84.1333333333,47,45,48,30,65,36,48,55
"2017-11-13 08:17",86,60,48,42,53,48,42,29,57
"2017-11-13 08:18",87.0666666667,46,36,35,69,60,57,47,37
"2017-11-13 08:19",87.4666666667,45,42,52,61,63,63,35,44
"2017-11-13 08:20",86.5333333333,42,47,62,56,34,50,45,47
"2017-11-13 08:21",85.0666666667,53,69,46,32,33,57,56,33
"2017-11-13 08:22",83.2,61,70,53,48,43,25,52,61
"2017-11-13 08:23",84.4,52,51,48,51,64,53,62,53
"2017-11-13 08:24",83.6,48,38,50,41,58,39,49,66
"2017-11-13 08:25",83.8666666667,37,49,36,58,42,38,37,Inf
"2017-11-13 08:26",78.8,50,34,51,40,41,39,32,Inf
"2017-11-13 08:27",77.0666666667,54,46,43,46,64,61,46,Inf
"2017-11-13 08:28",75.8666666667,59,58,46,42,52,60,30,Inf
"2017-11-13 08:29",76.1333333333,44,64,38,36,63,56,53,Inf
"2017-11-13 08:30",74.8,34,56,51,59,43,55,59,Inf
"2017-11-13 08:31",75.2,45,44,64,58,53,38,55,Inf
"2017-11-13 08:32",73.3333333333,39,50,61,49,62,45,49,Inf
"2017-11-13 08:33",71.3333333333,48,46,61,59,50,41,52,Inf
"2017-11-13 08:34",68.9333333333,65,45,26,32,51,37,57,Inf
"2017-11-13 08:35",68.8,48,54,47,41,50,51,46,Inf
"2017-11-13 08:36",70.1333333333,42,42,51,43,50,62,35,Inf
"2017-11-13 08:37",69.7333333333,47,44,38,37,44,59,43,Inf
"2017-11-13 08:38",69.3333333333,55,42,36,60,40,57,47,Inf
"2017-11-13 08:39",68.6666666667,52,63,46,41,43,33,63,Inf
"2017-11-13 08:40",69.3333333333,43,57,65,37,47,28,Inf,53
"2017-11-13 08:41",74.4,51,60,41,52,51,40,Inf,49
"2017-11-13 08:42",74,46,51,41,58,51,50,Inf,33
"2017-11-13 08:43",73.8666666667,42,58,34,46,43,54,Inf,59
"2017-11-13 08:44",73.8666666667,54,32,46,44,32,49,Inf,51
"2017-11-13 08:45",73.0666666667,64,56,38,40,44,39,Inf,37
"2017-11-13 08:46",71.3333333333,51,70,68,38,59,45,Inf,45
"2017-11-13 08:47",71.8666666667,61,54,52,58,53,36,Inf,42
"2017-11-13 08:48",73.7333333333,54,54,58,56,50,52,Inf,49
"2017-11-13 08:49",74.1333333333,43,39,53,60,26,60,Inf,38
"2017-11-13 08:50",73.0666666667,36,40,58,53,70,61,Inf,46
"2017-11-13 08:51",71.8666666667,46,51,40,27,67,41,Inf,28
"2017-11-13 08:52",70.8,61,40,35,54,56,43,Inf,49
"2017-11-13 08:53",71.2,50,36,57,59,57,47,Inf,67
"2017-11-13 08:54",69.8666666667,52,51,76,59,57,53,Inf,56
"2017-11-13 08:55",67.8666666667,55,61,61,26,55,Inf,50,48
"2017-11-13 08:56",66.4,41,53,34,45,28,Inf,40,36
"2017-11-13 08:57",65.7333333333,40,26,42,48,50,Inf,46,59
"2017-11-13 08:58",65.3333333333,49,54,39,48,53,Inf,56,60
"2017-11-13 08:59",62.8,49,44,38,44,51,Inf,41,64
"2017-11-13 09:00",63.4666666667,62,38,52,38,49,Inf,39,32
"2017-11-13 09:01",62.4,36,44,56,41,46,Inf,57,39
"2017-11-13 09:02",60.4,42,54,43,45,41,Inf,45,46
"2017-11-13 09:03",57.3333333333,44,58,52,52,38,Inf,49,40
"2017-11-13 09:04",56.1333333333,37,60,47,28,44,Inf,48,33
"2017-11-13 09:05",55.2,45,49,47,38,62,Inf,46,43
"2017-11-13 09:06",54.9333333333,52,39,50,40,27,Inf,43,49
"2017-11-13 09:07",54.4,39,43,50,43,40,Inf,48,54
"2017-11-13 09:08",52.4,38,55,45,51,35,Inf,53,53
"2017-11-13 09:09",50.8,52,64,45,52,40,Inf,51,45
"2017-11-13 09:10",50.8,47,40,45,59,Inf,50,46,54
"2017-11-13 09:11",49.7333333333,56,31,39,60,Inf,40,32,40
"2017-11-13 09:12",49.6,42,52,40,48,Inf,42,48,38
"2017-11-13 09:13",46.9333333333,46,59,53,21,Inf,44,51,48
"2017-11-13 09:14",47.0666666667,43,30,56,47,Inf,42,56,47
"2017-11-13 09:15",46.6666666667,54,45,53,46,Inf,59,29,30
"2017-11-13 09:16",45.7333333333,26,50,30,46,Inf,30,53,51
"2017-11-13 09:17",47.6,17,53,48,33,Inf,44,40,45
"2017-11-13 09:18",47.4666666667,36,49,41,37,Inf,47,39,42
"2017-11-13 09:19",46.6666666667,38,48,47,45,Inf,52,52,47
"2017-11-13 09:20",47.4666666667,37,50,45,46,Inf,42,46,39
"2017-11-13 09:21",45.8666666667,36,46,47,46,Inf,40,32,36
"2017-11-13 09:22",45.8666666667,52,53,48,42,Inf,48,36,64
"2017-11-13 09:23",46.2666666667,50,55,48,46,Inf,39,36,23
"2017-11-13 09:24",46.6666666667,50,40,51,53,Inf,45,37,27
"2017-11-13 09:25",46.1333333333,32,54,27,Inf,48,47,49,41
"2017-11-13 09:26",45.4666666667,50,50,45,Inf,34,41,43,43
"2017-11-13 09:27",45.4666666667,50,54,41,Inf,45,43,33,45
"2017-11-13 09:28",45.6,40,48,38,Inf,63,44,53,39
"2017-11-13 09:29",45.4666666667,42,53,45,Inf,21,51,43,51
"2017-11-13 09:30",43.6,51,56,52,Inf,25,24,36,48
"2017-11-13 09:31",44.5333333333,50,52,49,Inf,47,23,49,49
"2017-11-13 09:32",43.4666666667,30,45,50,Inf,39,39,43,45
"2017-11-13 09:33",44.5333333333,38,44,48,Inf,47,36,48,46
"2017-11-13 09:34",46.4,42,44,52,Inf,44,45,58,54
"2017-11-13 09:35",46.8,45,39,46,Inf,51,49,55,56
"2017-11-13 09:36",46.5333333333,49,47,46,Inf,49,47,52,44
"2017-11-13 09:37",46.5333333333,53,63,45,Inf,44,52,47,37
"2017-11-13 09:38",45.3333333333,42,14,50,Inf,39,46,48,50
"2017-11-13 09:39",46,48,37,49,Inf,53,50,45,55
"2017-11-13 09:40",46.6666666667,35,46,Inf,49,51,37,26,51
"2017-11-13 09:41",48,38,39,Inf,52,38,50,43,42
"2017-11-13 09:42",48.1333333333,44,46,Inf,48,48,55,45,38
"2017-11-13 09:43",49.4666666667,45,62,Inf,44,49,40,46,50
"2017-11-13 09:44",50.5333333333,43,28,Inf,50,53,42,48,61
"2017-11-13 09:45",51.0666666667,44,43,Inf,35,44,31,46,38
"2017-11-13 09:46",51.7333333333,48,46,Inf,47,45,42,40,36
"2017-11-13 09:47",50.1333333333,50,38,Inf,45,42,37,38,35
"2017-11-13 09:48",49.2,45,42,Inf,46,43,54,43,27
"2017-11-13 09:49",48.6666666667,40,53,Inf,42,50,41,65,45
"2017-11-13 09:50",47.7333333333,46,63,Inf,34,49,37,23,36
"2017-11-13 09:51",47.2,55,45,Inf,63,52,40,15,54
"2017-11-13 09:52",47.2,30,23,Inf,46,42,58,37,48
"2017-11-13 09:53",47.4666666667,45,47,Inf,47,35,50,39,57
"2017-11-13 09:54",47.2,46,44,Inf,39,55,22,33,44
"2017-11-13 09:55",45.4666666667,39,Inf,42,55,29,42,51,55
"2017-11-13 09:56",44.2666666667,36,Inf,47,22,34,53,46,33
"2017-11-13 09:57",44.4,39,Inf,48,32,54,50,35,45
"2017-11-13 09:58",44.2666666667,48,Inf,46,44,49,47,47,61
"2017-11-13 09:59",42.8,62,Inf,57,47,49,39,57,33
"2017-11-13 10:00",42.4,33,Inf,52,43,48,41,40,27
"2017-11-13 10:01",39.6,50,Inf,49,48,34,49,31,47
"2017-11-13 10:02",40.8,41,Inf,46,50,47,54,27,47
"2017-11-13 10:03",40.9333333333,50,Inf,40,48,59,53,41,31
"2017-11-13 10:04",39.6,52,Inf,39,54,34,35,38,32
"2017-11-13 10:05",38.8,54,Inf,48,44,45,38,46,54
"2017-11-13 10:06",40.9333333333,45,Inf,42,47,43,38,41,45
"2017-11-13 10:07",41.3333333333,38,Inf,58,48,34,35,35,38
"2017-11-13 10:08",40.9333333333,39,Inf,46,44,44,50,59,41
"2017-11-13 10:09",40.1333333333,40,Inf,40,51,42,43,59,61
"2017-11-13 10:10",40.8,Inf,41,58,50,46,52,33,50
"2017-11-13 10:11",42.5333333333,Inf,40,50,39,43,43,23,45
"2017-11-13 10:12",41.6,Inf,37,41,50,55,35,38,36
"2017-11-13 10:13",40.5333333333,Inf,35,40,49,41,35,42,49
"2017-11-13 10:14",39.8666666667,Inf,45,44,51,47,43,30,59
"2017-11-13 10:15",40,Inf,41,55,41,55,41,35,26
"2017-11-13 10:16",40.9333333333,Inf,51,33,54,48,50,35,28
"2017-11-13 10:17",39.6,Inf,21,36,43,38,43,48,42
"2017-11-13 10:18",39.8666666667,Inf,32,37,53,37,52,51,26
"2017-11-13 10:19",39.6,Inf,41,47,57,44,49,44,37
"2017-11-13 10:20",38.4,Inf,35,37,33,48,34,44,40
"2017-11-13 10:21",35.3333333333,Inf,46,56,37,51,31,45,40
"2017-11-13 10:22",34.4,Inf,40,49,44,50,55,43,53
"2017-11-13 10:23",36.5333333333,Inf,47,47,50,39,35,49,44
"2017-11-13 10:24",37.2,Inf,42,49,45,41,54,53,49
"2017-11-13 10:25",38.5333333333,54,45,52,48,45,52,58,55
"2017-11-13 10:26",38.5333333333,54,40,48,49,51,39,46,53
"2017-11-13 10:27",38.1333333333,36,44,54,51,51,49,45,46
"2017-11-13 10:28",38.6666666667,51,31,45,43,36,43,48,42
"2017-11-13 10:29",37.8666666667,43,34,26,49,41,42,38,40
"2017-11-13 10:30",39.3333333333,36,57,36,49,37,35,47,45
"2017-11-13 10:31",39.7333333333,41,37,49,48,39,46,34,39
"2017-11-13 10:32",39.3333333333,37,49,39,42,40,47,45,40
"2017-11-13 10:33",37.8666666667,40,54,48,40,41,32,36,38
"2017-11-13 10:34",37.6,47,44,46,46,46,48,43,49
"2017-11-13 10:35",38.5333333333,45,54,54,48,51,54,41,50
"2017-11-13 10:36",39.8666666667,48,42,37,48,40,53,46,54
"2017-11-13 10:37",40.4,45,31,26,50,52,52,41,36
"2017-11-13 10:38",37.7333333333,40,37,45,44,45,42,44,41
"2017-11-13 10:39",37.2,53,43,40,40,30,37,36,32
"2017-11-13 10:40",35.3333333333,49,37,36,42,38,48,35,41
"2017-11-13 10:41",33.8666666667,47,44,40,44,44,64,36,51
"2017-11-13 10:42",34.8,52,39,53,46,51,28,43,54
"2017-11-13 10:43",34.2666666667,48,39,47,49,53,18,43,55
"2017-11-13 10:44",34.9333333333,38,41,49,38,46,25,47,49
"2017-11-13 10:45",32.4,37,59,44,45,48,25,52,43
"2017-11-13 10:46",33.0666666667,48,32,52,46,54,29,45,47
"2017-11-13 10:47",33.2,50,16,50,40,50,48,43,36
"2017-11-13 10:48",35.0666666667,46,35,47,48,40,51,45,44
"2017-11-13 10:49",35.7333333333,42,34,45,51,49,51,53,34
"2017-11-13 10:50",34.9333333333,44,40,49,46,52,51,45,50
"2017-11-13 10:51",36,50,40,45,41,44,52,50,49
"2017-11-13 10:52",36.2666666667,48,47,37,51,40,46,47,42
"2017-11-13 10:53",37.3333333333,48,47,45,45,35,42,39,43
"2017-11-13 10:54",37.3333333333,42,46,52,40,50,36,51,57
"2017-11-13 10:55",37.8666666667,49,7,46,50,47,51,28,45
"2017-11-13 10:56",38.2666666667,48,19,48,42,52,50,44,52
"2017-11-13 10:57",37.8571428571,53,34,55,42,45,43,45,48
"2017-11-13 10:58",38,37,34,53,52,54,47,46,53
"2017-11-13 10:59",38.1333333333,51,37,43,26,50,46,39,50
"2017-11-13 11:00",38.8,48,47,39,32,46,49,51,39
"2017-11-13 11:01",38.5333333333,45,30,47,32,36,51,48,36
"2017-11-13 11:02",39.0666666667,44,41,46,40,34,46,35,37
"2017-11-13 11:03",38.5333333333,43,48,50,46,46,42,34,36
"2017-11-13 11:04",38.4,45,44,45,38,45,42,44,50
"2017-11-13 11:05",38.5333333333,46,49,44,45,44,49,44,49
"2017-11-13 11:06",37.3333333333,44,38,31,43,51,44,50,50
"2017-11-13 11:07",37.0666666667,38,44,41,32,49,43,48,53
"2017-11-13 11:08",36.1333333333,38,50,46,39,50,51,44,48
"2017-11-13 11:09",36.8,46,51,42,47,46,52,43,43
"2017-11-13 11:10",37.4666666667,40,50,49,46,45,48,39,48
"2017-11-13 11:11",36.9333333333,40,43,49,47,39,44,42,45
"2017-11-13 11:12",36.6666666667,47,54,39,37,52,43,44,46
"2017-11-13 11:13",37.2,57,46,53,45,36,48,47,46
"2017-11-13 11:14",36.9333333333,18,48,42,40,35,49,47,48
"2017-11-13 11:15",37.7333333333,27,51,39,51,50,45,49,35
"2017-11-13 11:16",36.4,39,51,46,53,47,43,48,47
"2017-11-13 11:17",35.4666666667,39,41,40,44,46,59,51,51
"2017-11-13 11:18",34.6666666667,41,48,20,43,36,47,44,45
"2017-11-13 11:19",35.0666666667,38,48,44,46,50,33,37,14
"2017-11-13 11:20",35.3333333333,48,47,43,48,37,49,46,44
"2017-11-13 11:21",35.0666666667,41,50,38,48,53,36,43,50
"2017-11-13 11:22",34.8,57,53,42,54,52,48,51,43
"2017-11-13 11:23",36.2666666667,50,45,37,44,52,51,50,42
"2017-11-13 11:24",36,55,46,44,45,43,51,54,34
"2017-11-13 11:25",36,41,39,46,45,48,57,29,41
"2017-11-13 11:26",36.6666666667,42,59,40,46,48,45,34,43
"2017-11-13 11:27",36.6666666667,42,18,45,54,38,45,41,33
"2017-11-13 11:28",35.2,41,27,33,42,46,35,45,51
"2017-11-13 11:29",36.5333333333,55,41,44,41,45,50,48,43
"2017-11-13 11:30",35.8666666667,39,41,45,42,51,36,44,42
"2017-11-13 11:31",36.1333333333,40,38,48,45,46,54,53,49
"2017-11-13 11:32",36.5333333333,37,34,45,44,46,42,51,52
"2017-11-13 11:33",37.2,47,41,35,53,43,44,44,50
"2017-11-13 11:34",36.9333333333,59,39,48,43,45,36,48,49
"2017-11-13 11:35",38,16,49,46,40,37,49,53,56
"2017-11-13 11:36",38.4,35,50,21,44,55,55,41,44
"2017-11-13 11:37",37.7333333333,41,48,39,40,27,21,44,43
"2017-11-13 11:38",36,31,50,59,56,17,24,48,39
"2017-11-13 11:39",35.6,25,50,40,18,46,39,45,45
"2017-11-13 11:40",36,49,40,40,43,46,47,55,52
"2017-11-13 11:41",36.8,46,42,42,39,29,34,43,42
"2017-11-13 11:42",37.7333333333,42,48,45,33,41,46,46,42
"2017-11-13 11:43",38.6666666667,50,39,39,47,42,48,51,43
"2017-11-13 11:44",37.4666666667,43,45,50,31,43,37,46,45
"2017-11-13 11:45",37.0666666667,42,46,52,38,50,53,43,49
"2017-11-13 11:46",37.6,45,41,41,46,44,42,45,47
"2017-11-13 11:47",37.8666666667,45,43,47,38,53,49,47,37
"2017-11-13 11:48",38,39,40,35,41,55,53,49,47
"2017-11-13 11:49",38.5333333333,34,55,46,49,33,41,47,54
"2017-11-13 11:50",38.8,45,45,46,53,50,44,47,47
"2017-11-13 11:51",38.9333333333,37,48,36,47,44,41,51,41
"2017-11-13 11:52",40.4,48,38,37,47,40,45,44,41
"2017-11-13 11:53",40.5333333333,46,31,48,53,52,47,33,38
"2017-11-13 11:54",41.6,37,37,46,39,52,50,38,49
"2017-11-13 11:55",40.2666666667,41,45,40,50,47,44,51,53
"2017-11-13 11:56",39.3333333333,39,50,41,46,45,35,46,42
"2017-11-13 11:57",38.1333333333,44,43,47,48,48,34,48,39
"2017-11-13 11:58",39.6,49,41,50,49,40,44,34,45
"2017-11-13 11:59",40.1333333333,43,49,51,53,36,61,42,40
"2017-11-13 12:00",41.4666666667,34,48,43,45,50,31,49,46
"2017-11-13 12:01",40.2666666667,61,42,36,42,57,49,53,40
"2017-11-13 12:02",40.4,59,37,49,46,31,37,20,49
"2017-11-13 12:03",40,25,43,59,49,43,45,33,17
"2017-11-13 12:04",40.8,26,59,26,44,39,43,41,48
"2017-11-13 12:05",40.1333333333,34,34,51,42,43,42,34,47
"2017-11-13 12:06",40.5333333333,42,14,47,35,37,50,45,28
"2017-11-13 12:07",40,49,32,29,59,38,44,42,49
"2017-11-13 12:08",40.9333333333,50,35,49,60,44,36,47,53
"2017-11-13 12:09",40.5333333333,45,38,53,39,45,52,43,54
"2017-11-13 12:10",40.6666666667,41,40,37,51,55,49,19,60
"2017-11-13 12:11",41.4666666667,51,42,35,48,42,53,32,49
"2017-11-13 12:12",41.4666666667,45,57,44,58,41,53,53,50
"2017-11-13 12:13",40.6666666667,50,43,45,40,52,50,33,50
"2017-11-13 12:14",40.5333333333,43,43,40,42,46,54,29,37
"2017-11-13 12:15",39.6,36,44,41,50,43,47,40,40
"2017-11-13 12:16",40.5333333333,51,43,42,57,46,41,42,44
"2017-11-13 12:17",40.5333333333,37,48,50,45,47,39,43,39
"2017-11-13 12:18",41.6,21,52,53,45,58,43,44,47
"2017-11-13 12:19",40.5333333333,39,44,52,48,34,36,40,50
"2017-11-13 12:20",40.4,42,33,41,43,39,51,42,49
"2017-11-13 12:21",41.4666666667,35,46,49,40,44,48,45,44
"2017-11-13 12:22",41.6,45,58,38,46,46,50,47,36
"2017-11-13 12:23",41.7333333333,40,62,48,37,48,34,50,50
"2017-11-13 12:24",42.4,29,6,46,55,49,55,36,57
"2017-11-13 12:25",42.1333333333,43,52,55,48,42,37,16,58
"2017-11-13 12:26",39.8666666667,29,53,51,44,35,54,17,51
"2017-11-13 12:27",40.4,41,41,48,38,50,51,37,50
"2017-11-13 12:28",40.2857142857,38,40,53,48,45,15,36,41
"2017-11-13 12:29",40.9333333333,53,49,46,53,17,41,24,51
"2017-11-13 12:30",41.8666666667,41,46,38,21,49,43,45,46
"2017-11-13 12:31",43.3333333333,40,50,44,30,34,53,30,46
"2017-11-13 12:32",43.2,45,52,38,40,41,42,41,51
"2017-11-13 12:33",41.0666666667,35,53,49,45,37,45,49,43
"2017-11-13 12:34",40.6666666667,47,58,54,47,46,53,52,50
"2017-11-13 12:35",40.6666666667,41,46,47,53,49,50,48,49
"2017-11-13 12:36",38.2666666667,46,39,55,52,53,45,53,45
"2017-11-13 12:37",37.8666666667,44,45,49,49,47,38,42,48
"2017-11-13 12:38",37.2,36,43,45,44,46,44,48,53
"2017-11-13 12:39",36.5333333333,51,44,49,53,46,49,44,43
"2017-11-13 12:40",38.1333333333,45,46,57,43,57,38,51,45
"2017-11-13 12:41",39.0666666667,46,48,37,53,51,46,45,45
"2017-11-13 12:42",38.9333333333,51,41,49,51,44,42,37,52
"2017-11-13 12:43",39.6,54,33,47,50,37,50,44,51
"2017-11-13 12:44",40.1333333333,50,53,47,34,48,30,48,52
"2017-11-13 12:45",39.4666666667,51,48,46,44,55,50,65,56
"2017-11-13 12:46",37.7333333333,30,23,60,39,29,54,25,49
"2017-11-13 12:47",38,53,47,44,57,39,58,16,41
"2017-11-13 12:48",38.4,57,53,51,47,45,43,35,37
"2017-11-13 12:49",38.5333333333,36,33,49,52,39,21,28,45
"2017-11-13 12:50",38,52,43,41,49,36,25,55,38
"2017-11-13 12:51",39.6,58,44,42,45,51,34,41,42
"2017-11-13 12:52",39.6,40,50,33,49,46,40,53,55
"2017-11-13 12:53",40,48,38,46,51,50,42,36,66
"2017-11-13 12:54",39.3333333333,47,46,49,53,40,45,49,27
"2017-11-13 12:55",38.2666666667,44,54,56,47,45,41,37,52
"2017-11-13 12:56",39.0666666667,57,51,47,45,35,42,36,36
"2017-11-13 12:57",40.4,34,42,49,50,51,45,32,64
"2017-11-13 12:58",38.6666666667,49,52,52,52,61,19,43,26
"2017-11-13 12:59",38.2666666667,48,36,47,45,20,28,54,50
"2017-11-13 13:00",39.2,36,41,40,29,36,35,52,47
"2017-11-13 13:01",40.1333333333,41,44,44,47,38,36,32,48
"2017-11-13 13:02",40.9333333333,36,55,45,55,28,39,42,38
"2017-11-13 13:03",42,47,53,44,11,40,47,41,33
"2017-11-13 13:04",41.4666666667,43,52,46,40,42,47,54,41
"2017-11-13 13:05",41.8666666667,48,44,46,37,51,41,46,37
"2017-11-13 13:06",40.6666666667,50,49,40,32,45,41,42,34
"2017-11-13 13:07",41.3333333333,42,48,48,42,52,42,52,35
"2017-11-13 13:08",41.0666666667,42,53,52,41,45,41,51,49
"2017-11-13 13:09",41.8666666667,48,42,50,46,46,44,46,47
"2017-11-13 13:10",39.6,49,30,46,43,41,45,51,40
"2017-11-13 13:11",36.6666666667,47,47,44,45,49,47,36,57
"2017-11-13 13:12",35.6,43,44,42,54,49,41,41,41
"2017-11-13 13:13",37.2,55,48,51,32,49,51,48,43
"2017-11-13 13:14",37.2,38,48,44,36,31,36,45,50
"2017-11-13 13:15",36.1333333333,37,48,58,45,37,55,40,50
"2017-11-13 13:16",36.1333333333,49,51,47,39,44,52,53,44
"2017-11-13 13:17",35.1428571429,41,52,47,34,45,48,48,56
"2017-11-13 13:18",35.8666666667,50,47,56,39,44,51,51,43
"2017-11-13 13:19",36.9333333333,51,39,44,54,49,44,56,39
"2017-11-13 13:20",37.2,53,43,57,55,50,50,58,38
"2017-11-13 13:21",38.6666666667,50,48,41,46,53,50,44,32
"2017-11-13 13:22",38.5333333333,41,52,50,36,40,47,45,50
"2017-11-13 13:23",39.0666666667,33,48,46,35,41,49,43,44
"2017-11-13 13:24",39.2,41,42,51,59,46,39,42,50
"2017-11-13 13:25",42.2666666667,44,52,53,50,52,51,51,54
"2017-11-13 13:26",46.8,52,47,16,48,50,45,43,43
"2017-11-13 13:27",46.6666666667,26,44,17,39,47,37,52,46
"2017-11-13 13:28",45.2,29,40,40,42,33,47,45,51
"2017-11-13 13:29",46.4,41,37,30,43,45,48,38,53
"2017-11-13 13:30",46,46,33,21,40,47,37,42,48
"2017-11-13 13:31",45.0666666667,42,45,27,40,48,47,55,53
"2017-11-13 13:32",44.4,49,54,45,46,27,36,43,49
"2017-11-13 13:33",43.8666666667,47,49,38,53,39,36,48,37
"2017-11-13 13:34",42.5333333333,40,58,27,42,28,40,49,28
"2017-11-13 13:35",41.7333333333,43,36,42,47,36,47,45,57
"2017-11-13 13:36",41.6,43,44,46,54,32,51,39,45
"2017-11-13 13:37",41.8666666667,34,43,46,30,36,39,45,45
"2017-11-13 13:38",41.8666666667,41,36,52,26,44,43,39,52
"2017-11-13 13:39",42.2666666667,49,48,46,38,45,51,49,39
"2017-11-13 13:40",41.4666666667,35,46,43,41,42,50,45,50
"2017-11-13 13:41",38.2666666667,53,52,46,47,43,41,52,34
"2017-11-13 13:42",38.6666666667,43,39,52,45,52,39,41,29
"2017-11-13 13:43",39.4666666667,50,48,53,52,54,44,40,50
"2017-11-13 13:44",37.7333333333,50,40,54,46,47,51,41,45
"2017-11-13 13:45",39.3333333333,43,43,38,42,47,17,55,50
"2017-11-13 13:46",41.0666666667,45,52,44,45,36,48,50,46
"2017-11-13 13:47",41.0666666667,45,37,46,52,48,34,45,45
"2017-11-13 13:48",41.7333333333,54,42,45,49,55,27,44,50
"2017-11-13 13:49",42.1333333333,51,45,52,51,28,34,45,48
"2017-11-13 13:50",42.8,45,47,45,55,47,46,42,47
"2017-11-13 13:51",42.4,36,21,45,52,45,48,51,48
"2017-11-13 13:52",41.2,42,40,38,39,46,44,34,52
"2017-11-13 13:53",41.7333333333,51,43,48,53,51,51,38,44
"2017-11-13 13:54",41.8666666667,58,50,45,47,53,53,55,47
"2017-11-13 13:55",43.0666666667,41,19,45,50,46,63,46,56
"2017-11-13 13:56",44.8,38,40,51,44,38,23,38,52
"2017-11-13 13:57",44.4,50,31,52,49,57,18,41,51
"2017-11-13 13:58",44.5333333333,29,38,47,48,44,46,56,49
"2017-11-13 13:59",45.7333333333,45,46,54,43,36,38,45,56
"2017-11-13 14:00",45.6,48,47,52,43,46,39,18,53
"2017-11-13 14:01",45.3333333333,54,47,43,38,58,42,32,49
"2017-11-13 14:02",46.4,19,50,49,48,35,48,28,52
"2017-11-13 14:03",46.1333333333,35,50,41,41,17,47,37,39
"2017-11-13 14:04",47.0666666667,46,54,51,52,39,52,38,55
"2017-11-13 14:05",47.7333333333,41,47,43,43,35,47,40,48
"2017-11-13 14:06",49.6,32,50,39,25,36,52,43,46
"2017-11-13 14:07",50.6666666667,47,49,46,41,36,50,48,35
"2017-11-13 14:08",48.9333333333,44,55,46,43,47,51,37,45
"2017-11-13 14:09",49.0666666667,43,49,44,41,50,48,43,68
"2017-11-13 14:10",48.8,39,50,43,50,43,35,10,41
"2017-11-13 14:11",49.4666666667,45,58,44,50,44,38,15,54
"2017-11-13 14:12",50.5333333333,50,43,50,48,52,49,38,47
"2017-11-13 14:13",50.1333333333,41,40,51,42,49,53,27,45
"2017-11-13 14:14",50.8,45,45,39,41,54,51,36,53
"2017-11-13 14:15",51.3333333333,50,49,47,49,45,49,43,48
"2017-11-13 14:16",50,50,47,48,44,48,50,41,46
"2017-11-13 14:17",49.0666666667,52,49,51,42,44,53,44,55
"2017-11-13 14:18",48.2666666667,48,50,54,52,31,47,51,44
"2017-11-13 14:19",49.0666666667,34,41,43,48,38,50,39,39
"2017-11-13 14:20",49.0666666667,42,39,47,51,48,44,45,33
"2017-11-13 14:21",47.0666666667,52,35,51,45,44,43,40,49
"2017-11-13 14:22",46.4,46,47,50,48,49,41,43,50
"2017-11-13 14:23",48.6666666667,32,43,20,43,43,48,41,42
"2017-11-13 14:24",48.9333333333,47,48,48,39,39,47,54,45
"2017-11-13 14:25",48.4,49,50,36,52,55,47,40,41
"2017-11-13 14:26",46.8,47,43,44,35,46,53,42,49
"2017-11-13 14:27",44.4,54,51,41,42,38,45,34,48
"2017-11-13 14:28",44,47,49,39,44,35,51,33,52
"2017-11-13 14:29",44.1333333333,47,43,41,65,51,48,46,47
"2017-11-13 14:30",42.8,42,48,61,17,43,45,52,47
"2017-11-13 14:31",42.5333333333,45,35,26,32,51,43,50,51
"2017-11-13 14:32",43.2,53,40,22,37,48,52,38,52
"2017-11-13 14:33",44.6666666667,51,49,31,36,52,40,36,42
"2017-11-13 14:34",44.6666666667,52,45,45,34,33,37,57,42
"2017-11-13 14:35",44.1333333333,38,44,52,49,57,47,64,47
"2017-11-13 14:36",44,35,37,48,45,26,64,19,46
"2017-11-13 14:37",44.1333333333,60,49,44,39,49,25,14,34
"2017-11-13 14:38",43.3333333333,34,38,49,43,43,33,36,51
"2017-11-13 14:39",43.3333333333,20,56,42,45,49,36,35,67
"2017-11-13 14:40",43.7333333333,37,56,65,47,44,42,16,53
"2017-11-13 14:41",45.0666666667,25,44,33,44,41,33,28,48
"2017-11-13 14:42",47.7333333333,40,47,32,53,46,47,45,47
"2017-11-13 14:43",50.4,41,48,39,36,44,42,50,43
"2017-11-13 14:44",49.6,43,50,41,41,52,48,49,37
"2017-11-13 14:45",51.3333333333,38,36,35,44,45,52,34,47
"2017-11-13 14:46",54.8,44,45,46,51,47,46,34,50
"2017-11-13 14:47",56.1333333333,44,53,49,51,56,41,47,47
"2017-11-13 14:48",55.4666666667,46,40,52,39,46,49,38,51
"2017-11-13 14:49",54.4,53,49,38,44,49,43,35,46
"2017-11-13 14:50",55.2,36,47,48,41,38,35,54,51
"2017-11-13 14:51",56.5333333333,40,45,54,47,36,55,58,52
"2017-11-13 14:52",57.7333333333,50,43,54,53,56,50,22,43
"2017-11-13 14:53",58.5333333333,55,56,41,36,61,47,20,48
"2017-11-13 14:54",58.6666666667,30,41,47,40,33,50,34,53
"2017-11-13 14:55",58.5333333333,45,37,51,47,43,38,49,49
"2017-11-13 14:56",58.6666666667,48,48,51,46,40,43,48,34
"2017-11-13 14:57",57.8666666667,53,55,50,44,38,38,52,43
"2017-11-13 14:58",52.4,40,32,44,48,39,52,54,41
"2017-11-13 14:59",53.0666666667,34,33,52,45,48,53,54,42
"2017-11-13 15:00",52,57,39,46,50,32,41,46,52
"2017-11-13 15:01",49.3333333333,56,31,53,40,43,46,49,45
"2017-11-13 15:02",47.7333333333,35,43,47,45,66,34,47,16
"2017-11-13 15:03",47.7333333333,45,44,46,51,61,50,46,42
"2017-11-13 15:04",48.1333333333,40,52,40,53,37,59,47,33
"2017-11-13 15:05",49.3333333333,41,50,38,51,15,29,52,37
"2017-11-13 15:06",49.7333333333,34,45,50,44,42,53,51,33
"2017-11-13 15:07",48.9333333333,45,48,53,50,52,40,52,48
"2017-11-13 15:08",48.1333333333,44,42,30,53,41,28,49,55
"2017-11-13 15:09",48.5333333333,55,44,45,44,47,35,43,49
"2017-11-13 15:10",49.3333333333,52,54,49,38,47,48,47,37
"2017-11-13 15:11",50.4,42,46,46,52,46,44,47,47
"2017-11-13 15:12",51.2,36,45,49,48,44,33,55,45
"2017-11-13 15:13",56.1333333333,45,50,47,47,50,57,49,49
"2017-11-13 15:14",57.4666666667,62,46,37,45,49,59,47,37
"2017-11-13 15:15",58.2666666667,41,46,42,43,54,49,38,39
"2017-11-13 15:16",59.7333333333,37,48,54,47,50,24,40,55
"2017-11-13 15:17",61.3333333333,50,51,60,45,43,35,56,57
"2017-11-13 15:18",62.4,45,44,22,41,36,50,52,39
"2017-11-13 15:19",62.8,55,41,45,42,46,50,36,16
"2017-11-13 15:20",62.2857142857,51,42,46,57,54,47,43,35
"2017-11-13 15:21",62.4,49,56,45,41,53,49,51,44
"2017-11-13 15:22",63.8666666667,28,62,49,43,29,34,50,46
"2017-11-13 15:23",64.2666666667,52,49,48,37,49,40,51,49
"2017-11-13 15:24",63.4666666667,61,44,39,38,30,54,41,52
"2017-11-13 15:25",63.4666666667,53,37,50,47,63,38,53,46
"2017-11-13 15:26",63.6,50,46,53,65,46,52,49,39
"2017-11-13 15:27",63.3333333333,45,54,46,56,39,59,53,48
"2017-11-13 15:28",63.3333333333,39,37,44,31,45,38,43,45
"2017-11-13 15:29",62.4,39,48,55,38,53,43,33,46
"2017-11-13 15:30",64,46,46,61,47,51,48,55,51
"2017-11-13 15:31",64.4,64,29,50,49,51,52,65,52
"2017-11-13 15:32",63.7333333333,50,59,48,45,47,51,34,47
"2017-11-13 15:33",63.3333333333,49,59,49,47,46,48,40,31
"2017-11-13 15:34",62.4,37,54,52,54,37,54,50,56
"2017-11-13 15:35",63.7333333333,43,53,54,45,41,52,47,64
"2017-11-13 15:36",58.6666666667,50,46,50,47,64,51,51,56
"2017-11-13 15:37",60,61,42,50,35,50,43,45,47
"2017-11-13 15:38",60.5333333333,56,36,35,56,53,33,51,47
"2017-11-13 15:39",61.7333333333,30,43,42,59,41,57,41,47
"2017-11-13 15:40",64.4,56,60,46,32,61,41,49,55
"2017-11-13 15:41",66.8,55,58,45,51,11,40,44,42
"2017-11-13 15:42",69.3333333333,38,52,37,50,45,46,44,55
"2017-11-13 15:43",72.4,50,53,44,52,53,56,58,29
"2017-11-13 15:44",75.0666666667,47,36,48,37,51,54,53,48
"2017-11-13 15:45",75.7333333333,59,42,51,46,51,49,47,40
"2017-11-13 15:46",77.7333333333,54,49,54,35,48,48,51,48
"2017-11-13 15:47",80.2666666667,33,43,37,48,44,38,36,48
"2017-11-13 15:48",85.2,37,58,33,67,40,55,45,39
"2017-11-13 15:49",88.6666666667,63,46,39,45,36,33,66,51
"2017-11-13 15:50",90.5333333333,56,47,46,60,53,36,38,45
"2017-11-13 15:51",94.9333333333,36,36,45,41,64,51,47,35
"2017-11-13 15:52",93.7333333333,42,41,58,41,41,47,37,50
"2017-11-13 15:53",94.5333333333,64,59,39,36,41,44,39,64
"2017-11-13 15:54",95.8666666667,61,48,43,47,35,35,62,60
"2017-11-13 15:55",95.4666666667,34,35,51,41,51,66,28,53
"2017-11-13 15:56",94,53,55,61,48,54,55,44,46
"2017-11-13 15:57",92.9333333333,56,59,46,63,61,42,35,39
"2017-11-13 15:58",90.2666666667,44,61,35,60,34,45,43,34
"2017-11-13 15:59",86.2666666667,58,34,41,47,38,51,58,64
"2017-11-13 16:00",85.8571428571,45,40,52,34,33,37,45,68
"2017-11-13 16:01",82.2666666667,30,31,68,44,49,47,49,30
"2017-11-13 16:02",79.4666666667,56,51,55,57,60,34,61,44
"2017-11-13 16:03",74.6666666667,64,61,54,67,61,59,38,33
"2017-11-13 16:04",73.2,58,66,40,45,68,52,37,45
"2017-11-13 16:05",72.8,37,60,46,47,46,43,32,63
"2017-11-13 16:06",73.4666666667,44,34,51,35,39,42,57,57
"2017-11-13 16:07",72.4,35,42,55,49,38,35,65,75
"2017-11-13 16:08",71.3333333333,60,40,48,44,50,60,72,41
"2017-11-13 16:09",70.9333333333,55,43,48,63,54,68,54,47
"2017-11-13 16:10",71.2,37,50,35,53,62,27,39,39
"2017-11-13 16:11",72.8,58,46,41,56,71,49,43,42
"2017-11-13 16:12",73.4666666667,57,44,43,43,43,37,60,33
"2017-11-13 16:13",75.7333333333,58,53,51,35,42,38,55,58
"2017-11-13 16:14",79.8666666667,50,59,42,51,45,60,45,47
"2017-11-13 16:15",80.9333333333,44,61,40,52,37,43,54,50
"2017-11-13 16:16",83.3333333333,32,56,44,57,50,65,61,65
"2017-11-13 16:17",85.4666666667,61,52,42,51,44,45,39,24
"2017-11-13 16:18",86.8,55,46,55,52,51,49,46,44
"2017-11-13 16:19",88.6666666667,65,51,56,45,59,39,45,35
"2017-11-13 16:20",87.8666666667,59,41,47,59,53,28,35,54
"2017-11-13 16:21",88,47,50,34,42,47,60,48,64
"2017-11-13 16:22",89.7333333333,33,34,42,38,31,48,55,69
"2017-11-13 16:23",91.6,62,43,72,48,58,70,56,69
"2017-11-13 16:24",91.2,67,55,57,52,65,42,57,17
"2017-11-13 16:25",91.4666666667,59,55,58,53,36,43,27,59
"2017-11-13 16:26",88,51,50,53,55,39,29,40,37
"2017-11-13 16:27",86.8,36,45,34,56,62,58,49,60
"2017-11-13 16:28",85.2,38,40,47,52,69,70,48,30
"2017-11-13 16:29",84.1333333333,51,39,64,53,63,59,37,40
"2017-11-13 16:30",83.2,51,57,65,35,56,58,54,40
"2017-11-13 16:31",81.2,47,62,49,37,55,57,32,43
"2017-11-13 16:32",81.3333333333,63,72,63,46,34,35,42,49
"2017-11-13 16:33",81.3333333333,50,54,42,67,51,47,46,52
"2017-11-13 16:34",79.2,51,59,48,43,48,61,54,49
"2017-11-13 16:35",78.1333333333,50,56,49,39,43,58,39,23
"2017-11-13 16:36",76.8,51,44,37,39,55,63,42,45
"2017-11-13 16:37",76.4,47,41,38,61,48,37,31,37
"2017-11-13 16:38",78.2666666667,47,37,56,60,50,44,64,33
"2017-11-13 16:39",77.0666666667,37,60,61,66,47,48,50,61
"2017-11-13 16:40",75.8666666667,48,45,56,34,52,59,46,41
"2017-11-13 16:41",77.2,58,51,48,51,42,53,49,38
"2017-11-13 16:42",77.2,42,35,57,61,52,25,61,52
"2017-11-13 16:43",77.2,40,33,49,28,49,55,42,59
"2017-11-13 16:44",75.2,32,59,41,45,29,40,39,63
"2017-11-13 16:45",70.2666666667,50,57,40,43,53,39,42,40
"2017-11-13 16:46",71.3333333333,59,46,45,55,46,60,43,52
"2017-11-13 16:47",71.0666666667,51,38,47,47,58,57,39,45
"2017-11-13 16:48",72,41,38,59,35,32,57,49,41
"2017-11-13 16:49",74.9333333333,44,53,38,39,33,63,61,43
"2017-11-13 16:50",76,30,59,47,55,38,34,36,43
"2017-11-13 16:51",76.1333333333,45,47,46,60,56,47,46,49
"2017-11-13 16:52",77.0666666667,48,38,39,42,61,50,36,48
"2017-11-13 16:53",75.4666666667,60,47,39,46,54,36,48,36
"2017-11-13 16:54",76.9333333333,42,54,45,34,20,38,35,63
"2017-11-13 16:55",76.8,39,59,41,42,42,50,63,56
"2017-11-13 16:56",75.4666666667,39,52,56,49,48,40,51,36
"2017-11-13 16:57",74.9333333333,51,39,46,41,49,57,46,53
"2017-11-13 16:58",72.8,58,33,66,37,38,49,36,64
"2017-11-13 16:59",74.4,47,53,43,43,48,36,38,24
"2017-11-13 17:00",78.6666666667,38,59,38,53,45,48,38,29
"2017-11-13 17:01",77.7333333333,49,38,35,57,36,48,47,41
"2017-11-13 17:02",76.9333333333,58,56,56,39,42,54,59,35
"2017-11-13 17:03",76.9333333333,52,51,59,29,51,41,37,55
"2017-11-13 17:04",73.3333333333,50,36,53,47,67,50,52,49
"2017-11-13 17:05",71.4666666667,50,44,62,61,39,52,31,46
"2017-11-13 17:06",71.4666666667,48,54,36,55,48,47,51,54
"2017-11-13 17:07",70,48,60,36,56,46,33,65,46
"2017-11-13 17:08",69.6,60,47,39,49,34,54,57,59
"2017-11-13 17:09",69.4666666667,45,40,63,35,50,40,65,64
"2017-11-13 17:10",68.8,38,60,41,53,38,49,25,53
"2017-11-13 17:11",71.0666666667,47,47,36,51,32,42,51,39
"2017-11-13 17:12",72,52,59,58,58,45,32,28,37
"2017-11-13 17:13",74.2666666667,66,48,49,63,57,55,54,66
"2017-11-13 17:14",74.5333333333,36,49,65,46,61,51,62,50
"2017-11-13 17:15",77.4666666667,37,36,28,52,56,50,66,18
"2017-11-13 17:16",78.2666666667,31,51,55,44,49,53,40,48
"2017-11-13 17:17",79.6,62,63,49,43,45,36,26,34
"2017-11-13 17:18",81.4666666667,61,60,51,59,37,50,44,54
"2017-11-13 17:19",83.2,61,41,41,46,41,46,33,68
"2017-11-13 17:20",86,43,35,35,43,57,36,47,62
"2017-11-13 17:21",88.8,41,52,61,42,62,45,58,66
"2017-11-13 17:22",89.6,39,54,57,42,73,47,46,28
"2017-11-13 17:23",83.8666666667,34,44,32,36,33,45,51,44
"2017-11-13 17:24",83.7333333333,51,57,31,58,37,44,45,50
"2017-11-13 17:25",83.2,58,43,53,33,41,51,36,64
"2017-11-13 17:26",82.6666666667,48,47,41,43,63,52,45,35
"2017-11-13 17:27",83.8666666667,42,57,33,39,58,46,59,63
"2017-11-13 17:28",81.4666666667,39,58,42,61,66,40,56,49
"2017-11-13 17:29",79.8666666667,51,53,48,60,68,41,53,17
"2017-11-13 17:30",77.4666666667,60,41,53,61,50,42,45,40
"2017-11-13 17:31",77.4666666667,58,33,56,55,60,53,58,36
"2017-11-13 17:32",76.1333333333,66,59,64,38,48,48,19,43
"2017-11-13 17:33",71.8666666667,51,54,53,38,48,42,44,39
"2017-11-13 17:34",71.3333333333,30,62,43,58,38,42,32,67
"2017-11-13 17:35",69.8666666667,50,45,31,69,37,30,51,54
"2017-11-13 17:36",68.2666666667,46,52,37,40,51,52,61,41
"2017-11-13 17:37",66.9333333333,43,44,43,47,68,64,62,49
"2017-11-13 17:38",72.4,36,37,59,56,53,40,61,30
"2017-11-13 17:39",70.8,44,62,65,50,46,50,25,53
"2017-11-13 17:40",72.4,68,63,50,32,50,51,51,66
"2017-11-13 17:41",71.4666666667,53,59,46,53,52,55,34,19
"2017-11-13 17:42",71.3333333333,58,49,36,66,51,40,46,11
"2017-11-13 17:43",72.5333333333,42,37,55,49,38,39,54,43
"2017-11-13 17:44",72.1333333333,40,36,64,53,44,36,67,34
"2017-11-13 17:45",70.9333333333,48,50,58,61,57,71,63,41
"2017-11-13 17:46",69.7333333333,52,59,47,44,52,52,35,54
"2017-11-13 17:47",68.9333333333,42,53,37,46,45,63,46,51
"2017-11-13 17:48",69.3333333333,34,45,40,43,28,43,44,44
"2017-11-13 17:49",70,44,56,34,37,42,40,40,58
"2017-11-13 17:50",70.1333333333,32,40,50,65,48,38,47,57
"2017-11-13 17:51",70,57,48,63,24,36,44,58,40
"2017-11-13 17:52",70.1333333333,50,37,50,26,46,58,54,35
"2017-11-13 17:53",68.6666666667,58,39,50,40,63,60,53,39
"2017-11-13 17:54",68.8,46,58,47,46,47,54,36,50
"2017-11-13 17:55",67.4666666667,63,60,50,34,36,54,58,62
"2017-11-13 17:56",64.6666666667,41,54,51,42,48,32,39,35
"2017-11-13 17:57",62.2666666667,56,54,41,50,46,42,17,43
"2017-11-13 17:58",60,42,50,33,56,42,60,51,64
"2017-11-13 17:59",60.2666666667,49,53,59,38,30,68,43,70
"2017-11-13 18:00",60.7142857143,47,43,61,38,50,64,47,33
"2017-11-13 18:01",60.1428571429,35,39,36,53,63,62,47,27
"2017-11-13 18:02",60.7142857143,48,45,45,58,63,48,40,49
"2017-11-13 18:03",60,56,58,40,41,34,34,42,41
"2017-11-13 18:04",59.1428571429,59,43,38,47,32,51,53,39
"2017-11-13 18:05",57.2857142857,31,47,62,40,44,48,42,47
"2017-11-13 18:06",57.4285714286,41,33,60,40,63,41,36,40
"2017-11-13 18:07",55.2857142857,54,54,22,39,48,41,49,51
"2017-11-13 18:08",53.8571428571,50,57,48,51,45,47,56,46
"2017-11-13 18:09",52.5714285714,54,60,46,50,43,56,49,40
"2017-11-13 18:10",52.8571428571,48,39,18,36,20,45,42,50
"2017-11-13 18:11",54.8571428571,45,38,50,52,47,51,48,46
"2017-11-13 18:12",54.5714285714,42,48,50,55,45,34,54,53
"2017-11-13 18:13",56.1428571429,34,59,55,50,35,48,18,50
"2017-11-13 18:14",56.7142857143,63,44,52,48,43,47,43,52
"2017-11-13 18:15",57.3333333333,48,37,47,54,48,55,40,48
"2017-11-13 18:16",59.0666666667,55,31,31,54,51,43,40,43
"2017-11-13 18:17",58,51,58,56,52,58,49,50,35
"2017-11-13 18:18",58,51,55,56,49,51,42,50,57
"2017-11-13 18:19",57.6,49,63,58,53,40,38,48,67
"2017-11-13 18:20",58,47,33,39,40,46,52,26,35
"2017-11-13 18:21",56.4,48,49,48,55,48,40,39,38
"2017-11-13 18:22",58.4,52,38,43,50,39,47,32,56
"2017-11-13 18:23",55.7333333333,39,29,45,47,40,46,41,44
"2017-11-13 18:24",55.7333333333,48,52,57,39,45,47,46,49
"2017-11-13 18:25",55.3333333333,46,56,39,48,38,64,37,55
"2017-11-13 18:26",55.4666666667,62,47,53,45,38,47,39,39
"2017-11-13 18:27",54.8,30,50,57,18,40,42,51,42
"2017-11-13 18:28",54,35,44,43,40,49,52,48,54
"2017-11-13 18:29",51.6,42,46,45,45,43,27,36,56
"2017-11-13 18:30",50.9333333333,47,40,47,51,23,54,49,49
"2017-11-13 18:31",48.9333333333,52,37,50,44,41,56,59,28
"2017-11-13 18:32",49.3333333333,49,60,47,46,50,49,21,49
"2017-11-13 18:33",48.5333333333,50,64,41,43,44,60,24,53
"2017-11-13 18:34",47.3333333333,49,45,42,40,49,30,50,44
"2017-11-13 18:35",45.7333333333,48,37,45,37,53,45,51,40
"2017-11-13 18:36",45.2,51,49,59,65,41,54,49,44
"2017-11-13 18:37",42.6666666667,38,58,42,56,36,45,43,38
"2017-11-13 18:38",45.3333333333,40,50,46,47,51,40,48,42
"2017-11-13 18:39",46.6666666667,49,50,48,51,58,37,50,29
"2017-11-13 18:40",45.4666666667,48,40,47,41,38,46,60,51
"2017-11-13 18:41",44.9333333333,40,45,49,45,56,46,65,41
"2017-11-13 18:42",44.2666666667,25,43,53,54,44,36,54,39
"2017-11-13 18:43",42.9333333333,46,33,50,38,28,53,38,56
"2017-11-13 18:44",43.6,54,51,52,40,38,56,34,62
"2017-11-13 18:45",42.7142857143,41,62,47,53,37,43,41,42
"2017-11-13 18:46",42,36,58,37,49,49,41,45,28
"2017-11-13 18:47",41.1428571429,50,51,44,46,56,49,57,47
"2017-11-13 18:48",41.4285714286,41,47,41,46,61,51,46,43
"2017-11-13 18:49",40.7142857143,40,51,60,38,47,37,43,36
"2017-11-13 18:50",40.1428571429,41,38,31,43,51,47,39,39
"2017-11-13 18:51",39.5714285714,49,47,29,50,41,50,46,35
"2017-11-13 18:52",38.7142857143,43,48,33,51,42,54,42,37
"2017-11-13 18:53",38.4285714286,37,49,34,20,41,46,35,45
"2017-11-13 18:54",37,40,45,44,40,50,49,35,51
"2017-11-13 18:55",36.2857142857,48,43,34,52,51,43,48,48
"2017-11-13 18:56",35.2857142857,40,52,36,50,51,41,36,48
"2017-11-13 18:57",34.5714285714,37,50,50,47,50,41,41,39
"2017-11-13 18:58",34.1428571429,35,44,51,37,39,53,53,39
"2017-11-13 18:59",32.8571428571,46,47,55,33,46,47,58,51
"2017-11-13 19:00",32.6666666667,58,43,47,34,47,20,36,45
"2017-11-13 19:01",32.1333333333,26,39,49,45,45,44,33,33
"2017-11-13 19:02",31.4666666667,48,42,39,47,41,42,38,42
"2017-11-13 19:03",30.5333333333,27,48,47,41,46,43,35,41
"2017-11-13 19:04",29.3333333333,27,54,42,41,42,30,36,30
"2017-11-13 19:05",28.9333333333,38,31,40,41,46,47,44,43
"2017-11-13 19:06",27.8666666667,43,55,41,44,48,39,42,46
"2017-11-13 19:07",28.6666666667,39,40,49,50,42,46,39,44
"2017-11-13 19:08",28.1333333333,40,35,48,46,42,52,44,37
"2017-11-13 19:09",27.2,47,39,42,54,52,50,37,49
"2017-11-13 19:10",26.7142857143,45,42,41,42,49,51,42,50
"2017-11-13 19:11",26.4285714286,40,49,45,53,54,40,47,46
"2017-11-13 19:12",27.1428571429,44,54,51,52,51,45,49,51
"2017-11-13 19:13",26.8571428571,44,40,47,38,49,42,46,49
"2017-11-13 19:14",26.7142857143,45,40,46,44,45,38,51,50
"2017-11-13 19:15",28.1428571429,46,39,40,38,45,44,47,57
"2017-11-13 19:16",28.2857142857,44,50,46,42,42,58,34,41
"2017-11-13 19:17",28,42,48,52,37,48,21,45,41
"2017-11-13 19:18",27.8571428571,45,45,44,45,53,19,32,39
"2017-11-13 19:19",28.4285714286,40,44,41,48,36,29,45,45
"2017-11-13 19:20",29,41,53,39,52,46,30,43,35
"2017-11-13 19:21",30.4285714286,47,52,45,43,47,31,44,45
"2017-11-13 19:22",31.1428571429,35,54,42,45,46,43,43,53
"2017-11-13 19:23",31.4285714286,47,33,39,34,34,45,39,53
"2017-11-13 19:24",31.1428571429,38,39,41,24,43,50,58,46
"2017-11-13 19:25",31.0666666667,37,44,45,42,45,12,40,43
"2017-11-13 19:26",30.1333333333,51,39,44,48,49,23,50,41
"2017-11-13 19:27",29.2,46,40,53,44,41,38,43,50
"2017-11-13 19:28",30.2666666667,51,58,47,39,49,22,33,47
"2017-11-13 19:29",30,50,42,55,45,44,31,35,39
"2017-11-13 19:30",27.8666666667,24,54,48,32,37,41,53,51
"2017-11-13 19:31",27.6,37,46,28,37,50,38,47,50
"2017-11-13 19:32",27.3333333333,42,36,35,46,41,31,41,34
"2017-11-13 19:33",27.2,36,34,31,45,34,43,40,40
"2017-11-13 19:34",27.0666666667,48,48,39,43,38,29,37,38
"2017-11-13 19:35",26.5333333333,30,48,49,50,44,28,44,39
"2017-11-13 19:36",25.2,39,44,44,35,38,37,44,37
"2017-11-13 19:37",24,41,47,46,35,41,54,34,44
"2017-11-13 19:38",22.8,35,42,34,33,39,42,42,40
"2017-11-13 19:39",22.9333333333,29,39,39,32,33,51,31,24
"2017-11-13 19:40",22.6666666667,38,40,43,36,40,29,37,49
"2017-11-13 19:41",23.8666666667,31,41,55,32,39,32,37,31
"2017-11-13 19:42",24.4,31,46,50,42,41,46,43,29
"2017-11-13 19:43",24,42,33,47,52,41,44,37,32
"2017-11-13 19:44",25.3333333333,36,47,32,50,33,48,41,31
"2017-11-13 19:45",25.7333333333,40,30,34,42,46,45,41,38
"2017-11-13 19:46",24.9333333333,44,39,29,40,35,28,45,38
"2017-11-13 19:47",24.5333333333,51,39,47,42,36,30,34,38
"2017-11-13 19:48",24.1333333333,46,38,49,31,45,43,11,44
"2017-11-13 19:49",24.1333333333,45,27,40,47,39,43,29,45
"2017-11-13 19:50",24.6666666667,36,33,31,47,41,47,27,31
"2017-11-13 19:51",24.2666666667,30,28,48,51,35,40,27,34
"2017-11-13 19:52",24.4,35,42,38,38,43,38,34,37
"2017-11-13 19:53",24,37,50,42,48,44,37,35,33
"2017-11-13 19:54",24,37,50,32,53,46,39,44,31
"2017-11-13 19:55",23.2,49,31,37,39,32,35,44,Inf
"2017-11-13 19:56",21.7333333333,44,48,33,32,42,38,40,Inf
"2017-11-13 19:57",21.2857142857,28,36,28,37,39,34,46,Inf
"2017-11-13 19:58",21.2,35,32,31,34,46,37,35,Inf
"2017-11-13 19:59",20.1333333333,40,35,39,34,38,34,36,Inf
"2017-11-13 20:00",20.4,32,41,41,40,50,37,34,Inf
"2017-11-13 20:01",20.4,40,44,45,36,52,49,36,Inf
"2017-11-13 20:02",20.4,41,34,53,53,36,45,24,Inf
"2017-11-13 20:03",19.7333333333,48,31,29,35,31,33,38,Inf
"2017-11-13 20:04",19.6,39,36,39,25,28,44,41,Inf
"2017-11-13 20:05",19.4666666667,40,35,30,38,41,36,41,Inf
"2017-11-13 20:06",19.8666666667,43,40,36,37,41,38,37,Inf
"2017-11-13 20:07",19.2,29,36,38,38,44,24,35,Inf
"2017-11-13 20:08",19.6,36,39,27,25,40,38,33,Inf
"2017-11-13 20:09",19.1428571429,40,39,29,42,32,45,25,Inf
"2017-11-13 20:10",20,41,38,35,30,38,34,Inf,37
"2017-11-13 20:11",20.4,36,35,33,36,33,40,Inf,36
"2017-11-13 20:12",19.7333333333,40,38,31,36,35,32,Inf,38
"2017-11-13 20:13",19.8666666667,27,36,29,34,43,39,Inf,28
"2017-11-13 20:14",19.5714285714,38,31,37,38,39,33,Inf,28
"2017-11-13 20:15",19,32,34,36,45,24,31,Inf,46
"2017-11-13 20:16",19.1428571429,29,39,40,43,39,29,Inf,24
"2017-11-13 20:17",18.7142857143,36,46,41,37,34,37,Inf,41
"2017-11-13 20:18",19,34,40,48,32,38,34,Inf,30
"2017-11-13 20:19",20.1428571429,38,37,36,33,39,42,Inf,34
"2017-11-13 20:20",19.1428571429,35,31,32,35,38,40,Inf,39
"2017-11-13 20:21",19.8571428571,40,30,39,35,30,41,Inf,31
"2017-11-13 20:22",19.8571428571,30,33,31,38,44,25,Inf,36
"2017-11-13 20:23",20.8571428571,44,34,30,35,26,42,Inf,43
"2017-11-13 20:24",21.8571428571,39,38,34,26,32,30,Inf,38
"2017-11-13 20:25",19.8571428571,44,37,36,36,40,Inf,38,34
"2017-11-13 20:26",19.5714285714,48,40,34,40,41,Inf,42,37
"2017-11-13 20:27",19.7142857143,30,29,26,35,36,Inf,36,39
"2017-11-13 20:28",20,43,32,40,28,41,Inf,35,36
"2017-11-13 20:29",20.4,37,36,42,34,53,Inf,32,42
"2017-11-13 20:30",20.2666666667,27,33,46,21,26,Inf,40,50
"2017-11-13 20:31",20.8,38,38,47,41,35,Inf,35,19
"2017-11-13 20:32",21.6,35,42,47,34,28,Inf,35,26
"2017-11-13 20:33",21.2,39,43,24,31,34,Inf,30,25
"2017-11-13 20:34",19.8666666667,33,34,32,26,31,Inf,37,39
"2017-11-13 20:35",20.4,45,24,28,41,30,Inf,41,27
"2017-11-13 20:36",18.9333333333,39,38,30,42,39,Inf,33,40
"2017-11-13 20:37",18.9333333333,30,38,29,33,34,Inf,35,35
"2017-11-13 20:38",18.2666666667,38,36,40,28,39,Inf,32,44
"2017-11-13 20:39",16.8,38,30,46,31,33,Inf,26,32
"2017-11-13 20:40",17.8666666667,27,35,39,30,Inf,46,30,36
"2017-11-13 20:41",17.7333333333,34,37,31,39,Inf,39,25,30
"2017-11-13 20:42",17.6,37,36,35,34,Inf,34,40,35
"2017-11-13 20:43",16.5333333333,33,39,32,31,Inf,37,33,36
"2017-11-13 20:44",16.8,34,40,34,44,Inf,40,41,33
"2017-11-13 20:45",16.9333333333,39,29,22,40,Inf,28,39,37
"2017-11-13 20:46",17.2,33,33,42,44,Inf,32,48,45
"2017-11-13 20:47",16.6666666667,31,41,45,33,Inf,40,41,32
"2017-11-13 20:48",18.4,23,32,42,33,Inf,22,31,23
"2017-11-13 20:49",18.4,35,35,37,34,Inf,30,33,34
"2017-11-13 20:50",18.1333333333,36,26,35,22,Inf,27,32,31
"2017-11-13 20:51",18.4,30,33,24,31,Inf,35,28,32
"2017-11-13 20:52",19.4666666667,38,29,27,35,Inf,37,32,30
"2017-11-13 20:53",19.8666666667,38,46,29,32,Inf,44,29,38
"2017-11-13 20:54",20.2666666667,28,46,26,31,Inf,29,50,31
"2017-11-13 20:55",20.4,33,36,35,Inf,27,31,22,26
"2017-11-13 20:56",20.4,23,39,26,Inf,34,32,33,36
"2017-11-13 20:57",21.3333333333,28,32,33,Inf,36,33,34,41
"2017-11-13 20:58",21.3333333333,35,37,29,Inf,36,30,32,21
"2017-11-13 20:59",20.7142857143,33,42,35,Inf,27,26,42,46
"2017-11-13 21:00",19.4285714286,31,32,41,Inf,34,27,34,35
"2017-11-13 21:01",17.7142857143,35,37,44,Inf,36,35,31,34
"2017-11-13 21:02",17.4285714286,41,29,33,Inf,30,33,34,43
"2017-11-13 21:03",15.8571428571,37,31,28,Inf,24,38,35,24
"2017-11-13 21:04",16.2857142857,30,24,23,Inf,32,43,33,19
"2017-11-13 21:05",16.4285714286,29,40,38,Inf,25,28,28,27
"2017-11-13 21:06",16.4285714286,30,33,29,Inf,44,24,35,38
"2017-11-13 21:07",15.5714285714,32,34,35,Inf,35,19,31,34
"2017-11-13 21:08",14.5714285714,39,27,32,Inf,37,37,36,30
"2017-11-13 21:09",14.1428571429,31,42,25,Inf,35,37,35,30
"2017-11-13 21:10",14.4285714286,33,34,Inf,35,34,28,39,27
"2017-11-13 21:11",15.4285714286,24,23,Inf,32,42,27,26,30
"2017-11-13 21:12",14.1428571429,40,34,Inf,25,36,28,30,33
"2017-11-13 21:13",15.2857142857,41,38,Inf,27,25,34,26,33
"2017-11-13 21:14",15.0666666667,29,28,Inf,34,21,27,33,31
"2017-11-13 21:15",16.1333333333,42,30,Inf,31,40,34,38,30
"2017-11-13 21:16",17.3333333333,40,33,Inf,35,29,35,36,32
"2017-11-13 21:17",17.3333333333,22,32,Inf,26,31,32,20,32
"2017-11-13 21:18",17.0666666667,22,29,Inf,36,36,34,24,34
"2017-11-13 21:19",16.5333333333,36,30,Inf,28,38,31,23,28
"2017-11-13 21:20",16.4,24,41,Inf,17,26,21,26,22
"2017-11-13 21:21",16.4,28,30,Inf,31,33,32,37,28
"2017-11-13 21:22",16.2666666667,39,23,Inf,19,24,30,34,28
"2017-11-13 21:23",16.4,33,22,Inf,28,33,25,28,29
"2017-11-13 21:24",17.3333333333,32,22,Inf,29,31,28,31,34
"2017-11-13 21:25",17.0666666667,31,Inf,41,23,24,32,28,34
"2017-11-13 21:26",16,30,Inf,33,23,28,22,40,32
"2017-11-13 21:27",16.2666666667,33,Inf,19,26,30,34,41,29
"2017-11-13 21:28",15.6,43,Inf,21,24,42,37,31,26
"2017-11-13 21:29",15.7333333333,27,Inf,31,32,31,36,26,22
"2017-11-13 21:30",15.4666666667,28,Inf,23,24,26,34,28,22
"2017-11-13 21:31",16,38,Inf,31,37,32,30,36,31
"2017-11-13 21:32",16.2666666667,28,Inf,36,33,26,32,19,37
"2017-11-13 21:33",16.4,31,Inf,32,35,34,25,37,35
"2017-11-13 21:34",17.0666666667,31,Inf,41,26,22,27,28,35
"2017-11-13 21:35",17.0666666667,35,Inf,31,25,29,29,27,31
"2017-11-13 21:36",16.8,24,Inf,34,24,20,33,27,25
"2017-11-13 21:37",17.2,28,Inf,22,32,28,36,29,30
"2017-11-13 21:38",17.6,30,Inf,30,28,30,29,28,30
"2017-11-13 21:39",16.4,24,Inf,29,42,29,29,33,33
"2017-11-13 21:40",15.8666666667,Inf,25,40,37,27,28,25,33
"2017-11-13 21:41",15.4666666667,Inf,25,26,36,26,32,39,33
"2017-11-13 21:42",15.6,Inf,18,31,31,27,25,26,32
"2017-11-13 21:43",15.4666666667,Inf,37,27,25,31,25,24,25
"2017-11-13 21:44",14.9333333333,Inf,31,25,23,30,26,23,19
"2017-11-13 21:45",15.2,Inf,32,33,32,36,21,25,40
"2017-11-13 21:46",13.7333333333,Inf,32,34,37,28,22,30,37
"2017-11-13 21:47",13.6,Inf,27,32,32,25,28,29,34
"2017-11-13 21:48",14.5333333333,Inf,19,32,33,25,26,27,39
"2017-11-13 21:49",13.0666666667,Inf,22,12,32,22,30,30,31
"2017-11-13 21:50",13.2,Inf,24,24,22,21,26,31,26
"2017-11-13 21:51",13.6,Inf,25,31,24,26,19,20,28
"2017-11-13 21:52",12.8,Inf,26,36,24,36,36,23,22
"2017-11-13 21:53",12.5333333333,Inf,39,30,31,26,25,29,23
"2017-11-13 21:54",12.6666666667,Inf,28,23,27,32,27,25,30
"2017-11-13 21:55",12.4,33,25,23,26,26,29,27,31
"2017-11-13 21:56",12.4,29,27,29,30,24,27,31,30
"2017-11-13 21:57",11.8666666667,41,26,25,26,34,36,36,33
"2017-11-13 21:58",12.5333333333,32,30,22,17,36,33,31,35
"2017-11-13 21:59",12.1333333333,25,36,35,36,27,37,25,22
"2017-11-13 22:00",11.6,29,28,30,41,32,32,24,32
"2017-11-13 22:01",11.4666666667,35,27,27,31,23,22,21,18
"2017-11-13 22:02",11.0666666667,31,24,26,34,26,25,30,30
"2017-11-13 22:03",9.73333333333,22,29,27,30,34,16,28,27
"2017-11-13 22:04",10.1333333333,31,30,32,19,22,28,37,24
"2017-11-13 22:05",9.6,22,32,27,21,30,29,18,32
"2017-11-13 22:06",9.33333333333,28,21,23,25,26,22,28,26
"2017-11-13 22:07",9.86666666667,23,24,28,27,26,22,35,23
"2017-11-13 22:08",10,18,22,18,22,22,31,21,17
"2017-11-13 22:09",10,27,22,26,26,26,25,26,31
"2017-11-13 22:10",10.6666666667,28,22,31,26,25,23,26,29
"2017-11-13 22:11",10.9333333333,27,17,21,25,23,29,26,32
"2017-11-13 22:12",10.9333333333,29,16,23,28,25,22,19,25
"2017-11-13 22:13",10,22,31,32,29,25,26,33,32
"2017-11-13 22:14",10.8,21,31,25,21,26,26,27,20
"2017-11-13 22:15",11.4666666667,26,25,21,19,27,27,27,17
"2017-11-13 22:16",12,26,17,27,22,23,24,24,30
"2017-11-13 22:17",12.2666666667,29,24,21,36,27,34,24,33
"2017-11-13 22:18",13.4666666667,33,25,18,25,30,31,23,29
"2017-11-13 22:19",13.6,21,27,27,26,29,27,25,28
"2017-11-13 22:20",13.8666666667,14,28,20,27,26,17,25,31
"2017-11-13 22:21",13.7333333333,27,19,25,24,24,27,31,21
"2017-11-13 22:22",13.2,23,23,16,16,29,19,18,28
"2017-11-13 22:23",13.6,23,14,33,30,32,26,20,25
"2017-11-13 22:24",13.4666666667,32,21,37,29,24,29,21,27
"2017-11-13 22:25",13.0666666667,25,24,26,26,23,23,27,29
"2017-11-13 22:26",12.6666666667,33,23,19,24,24,23,26,24
"2017-11-13 22:27",12.2666666667,20,20,38,29,20,29,23,19
"2017-11-13 22:28",12,28,21,19,27,27,35,19,24
"2017-11-13 22:29",11.8666666667,20,32,27,36,21,25,31,23
"2017-11-13 22:30",11.3333333333,13,25,16,27,23,20,20,19
"2017-11-13 22:31",10.9333333333,29,33,24,28,24,27,24,25
"2017-11-13 22:32",10.6666666667,27,16,18,23,25,19,18,29
"2017-11-13 22:33",9.6,24,20,23,26,19,27,22,31
"2017-11-13 22:34",9.6,31,23,24,20,38,32,27,23
"2017-11-13 22:35",9.33333333333,22,19,26,17,21,26,24,31
"2017-11-13 22:36",9.06666666667,26,24,21,15,12,20,19,20
"2017-11-13 22:37",9.06666666667,18,27,16,18,15,17,24,18
"2017-11-13 22:38",8.4,22,28,15,27,26,23,23,23
"2017-11-13 22:39",8.8,28,23,17,32,22,20,22,21
"2017-11-13 22:40",8.66666666667,21,24,20,21,26,22,25,25
"2017-11-13 22:41",9.06666666667,18,25,18,24,17,22,25,26
"2017-11-13 22:42",9.46666666667,27,30,25,22,26,19,34,26
"2017-11-13 22:43",9.46666666667,21,25,27,26,23,23,29,14
"2017-11-13 22:44",8.93333333333,24,19,24,16,20,19,26,20
"2017-11-13 22:45",8.93333333333,14,23,18,29,18,28,28,24
"2017-11-13 22:46",9.06666666667,15,15,25,26,17,21,17,31
"2017-11-13 22:47",8.93333333333,23,29,24,18,29,17,24,26
"2017-11-13 22:48",8.53333333333,27,23,25,28,28,24,14,20
"2017-11-13 22:49",8,24,20,32,22,22,21,31,23
"2017-11-13 22:50",8.26666666667,14,23,20,17,26,28,26,19
"2017-11-13 22:51",8.4,28,24,17,21,25,21,25,23
"2017-11-13 22:52",8.4,25,27,32,26,25,22,22,24
"2017-11-13 22:53",8,20,11,30,22,10,23,17,22
"2017-11-13 22:54",7.86666666667,23,18,23,20,22,16,22,24
"2017-11-13 22:55",8.13333333333,19,20,17,17,19,16,27,21
"2017-11-13 22:56",8.4,23,19,20,23,27,24,20,31
"2017-11-13 22:57",8.13333333333,25,22,24,24,28,23,28,17
"2017-11-13 22:58",8.53333333333,23,21,18,15,20,24,18,33
"2017-11-13 22:59",8.8,23,24,24,20,21,24,18,26
"2017-11-13 23:00",8.4,21,18,30,14,18,24,21,28
"2017-11-13 23:01",8.13333333333,20,21,17,23,26,21,18,18
"2017-11-13 23:02",8.13333333333,16,21,17,19,18,15,21,17
"2017-11-13 23:03",8.26666666667,17,19,21,24,26,20,28,24
"2017-11-13 23:04",8.53333333333,12,14,12,23,25,26,18,26
"2017-11-13 23:05",8.13333333333,18,18,20,21,14,19,29,20
"2017-11-13 23:06",8.4,32,21,29,16,17,20,23,22
"2017-11-13 23:07",8.4,24,25,29,13,21,17,13,26
"2017-11-13 23:08",8.53333333333,13,18,30,16,19,18,16,22
"2017-11-13 23:09",8.4,25,32,22,23,17,24,26,13
"2017-11-13 23:10",8.26666666667,21,20,19,19,28,23,22,20
"2017-11-13 23:11",8,16,21,19,16,15,16,20,16
"2017-11-13 23:12",7.6,15,14,21,22,17,23,32,11
"2017-11-13 23:13",6.8,19,22,13,26,20,22,25,32
"2017-11-13 23:14",6.93333333333,21,28,16,16,23,28,27,27
"2017-11-13 23:15",6.53333333333,19,14,24,21,23,18,21,18
"2017-11-13 23:16",6.8,24,16,25,18,15,23,24,22
"2017-11-13 23:17",6.8,14,22,18,16,18,18,16,14
"2017-11-13 23:18",6.66666666667,14,19,22,14,14,20,14,22
"2017-11-13 23:19",6.4,26,12,18,27,16,13,15,19
"2017-11-13 23:20",7.2,19,18,26,12,20,18,20,16
"2017-11-13 23:21",6.66666666667,14,17,22,18,17,10,16,23
"2017-11-13 23:22",6.8,17,22,10,16,19,20,25,20
"2017-11-13 23:23",6.66666666667,17,18,16,13,16,20,12,21
"2017-11-13 23:24",6.26666666667,14,18,27,17,18,14,20,23
"2017-11-13 23:25",6.26666666667,15,16,19,16,26,19,19,10
"2017-11-13 23:26",6.13333333333,8,13,17,14,18,18,16,15
"2017-11-13 23:27",6.53333333333,18,19,16,18,14,25,18,18
"2017-11-13 23:28",6.66666666667,14,25,18,21,15,19,21,26
"2017-11-13 23:29",6.93333333333,19,26,19,18,31,19,17,21
"2017-11-13 23:30",7.33333333333,20,18,15,23,18,18,24,11
"2017-11-13 23:31",7.33333333333,18,15,19,19,15,12,13,24
"2017-11-13 23:32",7.46666666667,16,15,18,19,13,17,14,18
"2017-11-13 23:33",7.86666666667,16,13,14,13,19,11,18,9
"2017-11-13 23:34",8,13,17,19,18,16,20,21,17
"2017-11-13 23:35",7.2,14,15,16,19,21,16,16,14
"2017-11-13 23:36",7.06666666667,20,18,12,23,19,14,14,14
"2017-11-13 23:37",6.8,16,20,16,14,18,17,16,15
"2017-11-13 23:38",6.4,17,27,23,16,15,11,16,21
"2017-11-13 23:39",6.4,19,15,18,21,14,15,9,11
"2017-11-13 23:40",6,20,16,12,23,15,17,10,23
"2017-11-13 23:41",5.73333333333,13,8,18,18,13,20,18,11
"2017-11-13 23:42",5.46666666667,16,13,13,21,18,22,11,19
"2017-11-13 23:43",5.46666666667,19,16,10,15,16,16,16,18
"2017-11-13 23:44",5.06666666667,17,15,12,15,15,18,8,10
"2017-11-13 23:45",5.2,17,14,17,24,16,17,19,21
"2017-11-13 23:46",4.93333333333,14,14,14,22,16,17,26,15
"2017-11-13 23:47",4.4,13,22,16,17,16,16,23,16
"2017-11-13 23:48",4.53333333333,13,19,18,17,13,18,20,12
"2017-11-13 23:49",4.4,15,16,15,18,14,20,16,17
"2017-11-13 23:50",4.13333333333,15,22,19,17,22,15,13,13
"2017-11-13 23:51",4.4,31,20,15,21,15,19,18,23
"2017-11-13 23:52",4.13333333333,14,19,19,19,14,15,25,21
"2017-11-13 23:53",4.53333333333,16,27,15,19,18,18,10,11
"2017-11-13 23:54",4.53333333333,17,18,15,19,17,16,14,19
"2017-11-13 23:55",4.66666666667,15,13,18,14,20,17,22,18
"2017-11-13 23:56",4.8,18,16,18,14,14,12,23,12
"2017-11-13 23:57",5.2,15,19,13,12,18,24,14,17
"2017-11-13 23:58",5.33333333333,15,14,20,11,15,14,11,14
"2017-11-13 23:59",5.2,13,17,16,21,15,20,12,18
